"","worker_id","years_programming","age","is_student"
"1","0_1",NA,NA,NA
"2","1_1",NA,NA,NA
"3","2_1",NA,NA,NA
"4","3_1",NA,NA,NA
"5","4_1",NA,NA,NA
"6","5_1",NA,NA,NA
"7","6_1",NA,NA,NA
"8","7_1",NA,NA,NA
"9","8_1",3,25,"0"
"10","9_1",NA,NA,NA
"11","11_1",NA,NA,NA
"12","12_1",NA,NA,NA
"13","14_1",NA,NA,NA
"14","16_1",NA,NA,NA
"15","17_1",NA,NA,NA
"16","18_1",NA,NA,NA
"17","19_1",NA,NA,NA
"18","20_1",NA,NA,NA
"19","21_1",NA,NA,NA
"20","23_1",NA,NA,NA
"21","25_1",NA,NA,NA
"22","26_1",NA,NA,NA
"23","27_1",NA,NA,NA
"24","29_1",NA,NA,NA
"25","30_1",NA,NA,NA
"26","31_1",NA,NA,NA
"27","32_1",NA,NA,NA
"28","33_1",NA,NA,NA
"29","34_1",NA,NA,NA
"30","35_1",NA,NA,NA
"31","37_1",NA,NA,NA
"32","38_1",NA,NA,NA
"33","39_1",33,33,"0"
"34","40_1",NA,NA,NA
"35","41_1",NA,NA,NA
"36","43_1",NA,NA,NA
"37","44_1",NA,NA,NA
"38","45_1",NA,NA,NA
"39","47_1",NA,NA,NA
"40","48_1",NA,NA,NA
"41","49_1",2,28,"0"
"42","50_1",NA,NA,NA
"43","51_1",NA,NA,NA
"44","53_1",NA,NA,NA
"45","55_1",NA,NA,NA
"46","56_1",NA,NA,NA
"47","58_1",NA,NA,NA
"48","59_1",NA,NA,NA
"49","60_1",NA,NA,NA
"50","61_1",NA,NA,NA
"51","63_1",NA,NA,NA
"52","64_1",0,43,"0"
"53","65_1",NA,NA,NA
"54","67_1",NA,NA,NA
"55","68_1",NA,NA,NA
"56","69_1",NA,NA,NA
"57","70_1",1,41,"0"
"58","71_1",2,25,"0"
"59","73_1",5,25,"0"
"60","74_1",NA,NA,NA
"61","75_1",NA,NA,NA
"62","76_1",NA,NA,NA
"63","77_1",NA,NA,NA
"64","78_1",NA,NA,NA
"65","79_1",NA,NA,NA
"66","80_1",NA,NA,NA
"67","81_1",NA,NA,NA
"68","82_1",NA,NA,NA
"69","83_1",NA,NA,NA
"70","84_1",NA,NA,NA
"71","85_1",NA,NA,NA
"72","86_1",NA,NA,NA
"73","87_1",5,27,"0"
"74","88_1",NA,NA,NA
"75","89_1",NA,NA,NA
"76","90_1",NA,NA,NA
"77","91_1",NA,NA,NA
"78","92_1",NA,NA,NA
"79","93_1",NA,NA,NA
"80","94_1",NA,NA,NA
"81","95_1",1,40,"0"
"82","96_1",NA,NA,NA
"83","97_1",NA,NA,NA
"84","98_1",NA,NA,NA
"85","99_1",NA,NA,NA
"86","100_1",NA,NA,NA
"87","101_1",NA,NA,NA
"88","102_1",1,28,"0"
"89","103_1",NA,NA,NA
"90","104_1",NA,NA,NA
"91","105_1",NA,NA,NA
"92","106_1",NA,NA,NA
"93","108_1",8,25,"0"
"94","109_1",NA,NA,NA
"95","110_1",NA,NA,NA
"96","111_1",NA,NA,NA
"97","112_1",NA,NA,NA
"98","113_1",NA,NA,NA
"99","114_1",NA,NA,NA
"100","115_1",NA,NA,NA
"101","117_1",NA,NA,NA
"102","118_1",NA,NA,NA
"103","119_1",NA,NA,NA
"104","121_1",NA,NA,NA
"105","122_1",NA,NA,NA
"106","123_1",NA,NA,NA
"107","125_1",NA,NA,NA
"108","127_1",NA,NA,NA
"109","129_1",NA,NA,NA
"110","131_1",NA,NA,NA
"111","132_1",NA,NA,NA
"112","133_1",NA,NA,NA
"113","134_1",1,24,"0"
"114","137_1",NA,NA,NA
"115","138_1",2,28,"0"
"116","139_1",NA,NA,NA
"117","141_1",NA,NA,NA
"118","143_1",NA,NA,NA
"119","144_1",1,28,"0"
"120","146_1",NA,NA,NA
"121","147_1",NA,NA,NA
"122","148_1",NA,NA,NA
"123","149_1",NA,NA,NA
"124","150_1",NA,NA,NA
"125","151_1",NA,NA,NA
"126","152_1",NA,NA,NA
"127","153_1",4,32,"0"
"128","154_1",NA,NA,NA
"129","155_1",NA,NA,NA
"130","157_1",NA,NA,NA
"131","158_1",NA,NA,NA
"132","159_1",NA,NA,NA
"133","160_1",NA,NA,NA
"134","161_1",NA,NA,NA
"135","162_1",NA,NA,NA
"136","163_1",NA,NA,NA
"137","164_1",NA,NA,NA
"138","165_1",NA,NA,NA
"139","166_1",NA,NA,NA
"140","167_1",NA,NA,NA
"141","168_1",NA,NA,NA
"142","169_1",NA,NA,NA
"143","170_1",NA,NA,NA
"144","172_1",NA,NA,NA
"145","175_1",NA,NA,NA
"146","179_1",NA,NA,NA
"147","181_1",NA,NA,NA
"148","182_1",NA,NA,NA
"149","183_1",NA,NA,NA
"150","184_1",NA,NA,NA
"151","185_1",NA,NA,NA
"152","186_1",NA,NA,NA
"153","187_1",NA,NA,NA
"154","188_1",NA,NA,NA
"155","189_1",2,53,"0"
"156","190_1",NA,NA,NA
"157","192_1",NA,NA,NA
"158","193_1",NA,NA,NA
"159","194_1",NA,NA,NA
"160","196_1",NA,NA,NA
"161","197_1",NA,NA,NA
"162","199_1",NA,NA,NA
"163","200_1",NA,NA,NA
"164","201_1",NA,NA,NA
"165","202_1",NA,NA,NA
"166","204_1",NA,NA,NA
"167","205_1",NA,NA,NA
"168","206_1",NA,NA,NA
"169","207_1",NA,NA,NA
"170","209_1",NA,NA,NA
"171","211_1",NA,NA,NA
"172","212_1",NA,NA,NA
"173","213_1",NA,NA,NA
"174","216_1",NA,NA,NA
"175","217_1",3,28,"0"
"176","218_1",NA,NA,NA
"177","219_1",NA,NA,NA
"178","223_1",NA,NA,NA
"179","225_1",NA,NA,NA
"180","226_1",NA,NA,NA
"181","227_1",NA,NA,NA
"182","228_1",2,34,"0"
"183","229_1",1,25,"0"
"184","231_1",NA,NA,NA
"185","232_1",NA,NA,NA
"186","234_1",0,29,"0"
"187","235_1",NA,NA,NA
"188","237_1",NA,NA,NA
"189","238_1",NA,NA,NA
"190","239_1",NA,NA,NA
"191","242_1",NA,NA,NA
"192","243_1",NA,NA,NA
"193","244_1",NA,NA,NA
"194","246_1",NA,NA,NA
"195","247_1",NA,NA,NA
"196","248_1",NA,NA,NA
"197","249_1",NA,NA,NA
"198","250_1",NA,NA,NA
"199","251_1",NA,NA,NA
"200","253_1",NA,NA,NA
"201","256_1",NA,NA,NA
"202","257_1",NA,NA,NA
"203","258_1",NA,NA,NA
"204","259_1",NA,NA,NA
"205","260_1",NA,NA,NA
"206","263_1",NA,NA,NA
"207","265_1",NA,NA,NA
"208","267_1",NA,NA,NA
"209","268_1",NA,NA,NA
"210","270_1",NA,NA,NA
"211","272_1",NA,NA,NA
"212","273_1",6,20,"1"
"213","275_1",NA,NA,NA
"214","276_1",NA,NA,NA
"215","277_1",NA,NA,NA
"216","278_1",NA,NA,NA
"217","279_1",NA,NA,NA
"218","280_1",NA,NA,NA
"219","281_1",NA,NA,NA
"220","282_1",NA,NA,NA
"221","283_1",NA,NA,NA
"222","284_1",NA,NA,NA
"223","286_1",0,39,"0"
"224","288_1",7,27,"0"
"225","290_1",NA,NA,NA
"226","291_1",NA,NA,NA
"227","292_1",NA,NA,NA
"228","293_1",NA,NA,NA
"229","294_1",NA,NA,NA
"230","295_1",NA,NA,NA
"231","296_1",NA,NA,NA
"232","297_1",NA,NA,NA
"233","298_1",NA,NA,NA
"234","299_1",NA,NA,NA
"235","300_1",NA,NA,NA
"236","301_1",NA,NA,NA
"237","302_1",NA,NA,NA
"238","304_1",NA,NA,NA
"239","305_1",NA,NA,NA
"240","307_1",NA,NA,NA
"241","308_1",NA,NA,NA
"242","309_1",NA,NA,NA
"243","311_1",NA,NA,NA
"244","312_1",2,35,"0"
"245","313_1",1,55,"0"
"246","314_1",NA,NA,NA
"247","315_1",NA,NA,NA
"248","316_1",NA,NA,NA
"249","317_1",NA,NA,NA
"250","318_1",NA,NA,NA
"251","319_1",NA,NA,NA
"252","320_1",NA,NA,NA
"253","321_1",NA,NA,NA
"254","322_1",NA,NA,NA
"255","323_1",NA,NA,NA
"256","324_1",NA,NA,NA
"257","325_1",NA,NA,NA
"258","326_1",NA,NA,NA
"259","327_1",NA,NA,NA
"260","328_1",NA,NA,NA
"261","329_1",NA,NA,NA
"262","330_1",3,25,"0"
"263","331_1",NA,NA,NA
"264","333_1",NA,NA,NA
"265","334_1",NA,NA,NA
"266","335_1",NA,NA,NA
"267","337_1",NA,NA,NA
"268","338_1",1,23,"0"
"269","339_1",1,21,"1"
"270","340_1",NA,NA,NA
"271","341_1",6,34,"0"
"272","342_1",NA,NA,NA
"273","343_1",NA,NA,NA
"274","344_1",NA,NA,NA
"275","345_1",NA,NA,NA
"276","346_1",NA,NA,NA
"277","347_1",NA,NA,NA
"278","349_1",5,28,"0"
"279","350_1",NA,NA,NA
"280","351_1",NA,NA,NA
"281","352_1",NA,NA,NA
"282","354_1",NA,NA,NA
"283","355_1",NA,NA,NA
"284","356_1",NA,NA,NA
"285","358_1",1,22,"1"
"286","359_1",0.5,25,"0"
"287","360_1",NA,NA,NA
"288","361_1",NA,NA,NA
"289","362_1",NA,NA,NA
"290","363_1",NA,NA,NA
"291","364_1",NA,NA,NA
"292","365_1",NA,NA,NA
"293","367_1",NA,NA,NA
"294","369_1",NA,NA,NA
"295","370_1",NA,NA,NA
"296","373_1",NA,NA,NA
"297","374_1",NA,NA,NA
"298","375_1",NA,NA,NA
"299","376_1",NA,NA,NA
"300","377_1",NA,NA,NA
"301","378_1",NA,NA,NA
"302","379_1",NA,NA,NA
"303","380_1",NA,NA,NA
"304","381_1",NA,NA,NA
"305","383_1",NA,NA,NA
"306","384_1",NA,NA,NA
"307","385_1",30,57,"0"
"308","386_1",NA,NA,NA
"309","387_1",NA,NA,NA
"310","389_1",10,35,"0"
"311","391_1",NA,NA,NA
"312","392_1",6,28,"0"
"313","393_1",2,29,"0"
"314","394_1",0,29,"0"
"315","396_1",NA,NA,NA
"316","397_1",NA,NA,NA
"317","398_1",23,46,"0"
"318","399_1",4,30,"0"
"319","400_1",NA,NA,NA
"320","401_1",5,26,"0"
"321","402_1",NA,NA,NA
"322","403_1",6,25,"0"
"323","404_1",NA,NA,NA
"324","405_1",NA,NA,NA
"325","406_1",NA,NA,NA
"326","407_1",NA,NA,NA
"327","409_1",1,33,"0"
"328","411_1",NA,NA,NA
"329","413_1",NA,NA,NA
"330","414_1",NA,NA,NA
"331","415_1",0,34,"0"
"332","417_1",NA,NA,NA
"333","418_1",NA,NA,NA
"334","420_1",NA,NA,NA
"335","421_1",NA,NA,NA
"336","423_1",NA,NA,NA
"337","424_1",NA,NA,NA
"338","425_1",NA,NA,NA
"339","426_1",NA,NA,NA
"340","427_1",NA,NA,NA
"341","428_1",NA,NA,NA
"342","429_1",NA,NA,NA
"343","430_1",NA,NA,NA
"344","431_1",NA,NA,NA
"345","432_1",NA,NA,NA
"346","433_1",NA,NA,NA
"347","434_1",NA,NA,NA
"348","435_1",NA,NA,NA
"349","436_1",NA,NA,NA
"350","437_1",NA,NA,NA
"351","439_1",2,41,"0"
"352","440_1",NA,NA,NA
"353","441_1",NA,NA,NA
"354","442_1",NA,NA,NA
"355","443_1",NA,NA,NA
"356","444_1",NA,NA,NA
"357","445_1",2,37,"0"
"358","447_1",NA,NA,NA
"359","448_1",NA,NA,NA
"360","449_1",NA,NA,NA
"361","450_1",NA,NA,NA
"362","451_1",5,28,"0"
"363","452_1",5,40,"0"
"364","453_1",NA,NA,NA
"365","454_1",NA,NA,NA
"366","455_1",NA,NA,NA
"367","456_1",NA,NA,NA
"368","460_1",NA,NA,NA
"369","461_1",NA,NA,NA
"370","462_1",NA,NA,NA
"371","463_1",NA,NA,NA
"372","464_1",NA,NA,NA
"373","465_1",NA,NA,NA
"374","466_1",NA,NA,NA
"375","467_1",NA,NA,NA
"376","469_1",NA,NA,NA
"377","470_1",NA,NA,NA
"378","471_1",NA,NA,NA
"379","472_1",NA,NA,NA
"380","473_1",NA,NA,NA
"381","474_1",NA,NA,NA
"382","475_1",NA,NA,NA
"383","476_1",NA,NA,NA
"384","477_1",NA,NA,NA
"385","478_1",NA,NA,NA
"386","479_1",NA,NA,NA
"387","480_1",6,22,"1"
"388","481_1",NA,NA,NA
"389","483_1",NA,NA,NA
"390","484_1",NA,NA,NA
"391","485_1",NA,NA,NA
"392","486_1",3,46,"0"
"393","487_1",NA,NA,NA
"394","490_1",NA,NA,NA
"395","491_1",NA,NA,NA
"396","493_1",NA,NA,NA
"397","494_1",NA,NA,NA
"398","495_1",NA,NA,NA
"399","499_1",NA,NA,NA
"400","500_1",NA,NA,NA
"401","501_1",NA,NA,NA
"402","502_1",NA,NA,NA
"403","504_1",NA,NA,NA
"404","506_1",NA,NA,NA
"405","507_1",NA,NA,NA
"406","508_1",NA,NA,NA
"407","509_1",NA,NA,NA
"408","510_1",NA,NA,NA
"409","511_1",NA,NA,NA
"410","512_1",NA,NA,NA
"411","513_1",NA,NA,NA
"412","514_1",NA,NA,NA
"413","516_1",NA,NA,NA
"414","517_1",NA,NA,NA
"415","518_1",NA,NA,NA
"416","519_1",NA,NA,NA
"417","520_1",NA,NA,NA
"418","522_1",NA,NA,NA
"419","524_1",NA,NA,NA
"420","525_1",NA,NA,NA
"421","526_1",NA,NA,NA
"422","528_1",NA,NA,NA
"423","529_1",NA,NA,NA
"424","530_1",NA,NA,NA
"425","532_1",NA,NA,NA
"426","533_1",1,27,"0"
"427","534_1",5,33,"0"
"428","535_1",NA,NA,NA
"429","536_1",NA,NA,NA
"430","537_1",NA,NA,NA
"431","540_1",NA,NA,NA
"432","542_1",NA,NA,NA
"433","543_1",5,33,"0"
"434","544_1",2,29,"0"
"435","545_1",NA,NA,NA
"436","546_1",NA,NA,NA
"437","548_1",NA,NA,NA
"438","549_1",NA,NA,NA
"439","551_1",NA,NA,NA
"440","552_1",NA,NA,NA
"441","553_1",NA,NA,NA
"442","554_1",2,41,"0"
"443","556_1",8,31,"0"
"444","557_1",5,30,"0"
"445","558_1",NA,NA,NA
"446","559_1",NA,NA,NA
"447","561_1",NA,NA,NA
"448","562_1",NA,NA,NA
"449","563_1",NA,NA,NA
"450","564_1",NA,NA,NA
"451","566_1",2,19,"1"
"452","567_1",NA,NA,NA
"453","568_1",0,60,"0"
"454","569_1",NA,NA,NA
"455","570_1",NA,NA,NA
"456","571_1",NA,NA,NA
"457","572_1",NA,NA,NA
"458","573_1",NA,NA,NA
"459","574_1",NA,NA,NA
"460","575_1",NA,NA,NA
"461","576_1",NA,NA,NA
"462","577_1",NA,NA,NA
"463","578_1",NA,NA,NA
"464","579_1",4,28,"0"
"465","580_1",NA,NA,NA
"466","581_1",NA,NA,NA
"467","582_1",NA,NA,NA
"468","584_1",NA,NA,NA
"469","585_1",NA,NA,NA
"470","586_1",NA,NA,NA
"471","588_1",2,29,"0"
"472","589_1",NA,NA,NA
"473","590_1",NA,NA,NA
"474","591_1",NA,NA,NA
"475","592_1",NA,NA,NA
"476","595_1",NA,NA,NA
"477","596_1",7,29,"0"
"478","597_1",NA,NA,NA
"479","598_1",NA,NA,NA
"480","601_1",NA,NA,NA
"481","602_1",NA,NA,NA
"482","603_1",NA,NA,NA
"483","604_1",NA,NA,NA
"484","605_1",NA,NA,NA
"485","606_1",NA,NA,NA
"486","607_1",NA,NA,NA
"487","608_1",NA,NA,NA
"488","609_1",NA,NA,NA
"489","610_1",NA,NA,NA
"490","611_1",NA,NA,NA
"491","612_1",NA,NA,NA
"492","613_1",NA,NA,NA
"493","614_1",NA,NA,NA
"494","615_1",NA,NA,NA
"495","616_1",NA,NA,NA
"496","617_1",NA,NA,NA
"497","618_1",NA,NA,NA
"498","620_1",NA,NA,NA
"499","621_1",NA,NA,NA
"500","622_1",NA,NA,NA
"501","624_1",NA,NA,NA
"502","625_1",NA,NA,NA
"503","626_1",5,22,"1"
"504","627_1",NA,NA,NA
"505","628_1",NA,NA,NA
"506","630_1",NA,NA,NA
"507","631_1",NA,NA,NA
"508","632_1",NA,NA,NA
"509","633_1",NA,NA,NA
"510","634_1",NA,NA,NA
"511","635_1",5,25,"0"
"512","636_1",NA,NA,NA
"513","638_1",NA,NA,NA
"514","639_1",NA,NA,NA
"515","640_1",NA,NA,NA
"516","642_1",NA,NA,NA
"517","643_1",NA,NA,NA
"518","644_1",NA,NA,NA
"519","645_1",NA,NA,NA
"520","646_1",NA,NA,NA
"521","647_1",NA,NA,NA
"522","650_1",NA,NA,NA
"523","651_1",NA,NA,NA
"524","653_1",NA,NA,NA
"525","654_1",NA,NA,NA
"526","655_1",NA,NA,NA
"527","656_1",1,26,"0"
"528","657_1",NA,NA,NA
"529","658_1",NA,NA,NA
"530","661_1",NA,NA,NA
"531","662_1",NA,NA,NA
"532","663_1",NA,NA,NA
"533","664_1",1,29,"0"
"534","666_1",NA,NA,NA
"535","667_1",NA,NA,NA
"536","668_1",NA,NA,NA
"537","669_1",NA,NA,NA
"538","670_1",NA,NA,NA
"539","671_1",NA,NA,NA
"540","672_1",NA,NA,NA
"541","673_1",NA,NA,NA
"542","676_1",NA,NA,NA
"543","678_1",NA,NA,NA
"544","680_1",NA,NA,NA
"545","681_1",NA,NA,NA
"546","682_1",NA,NA,NA
"547","684_1",NA,NA,NA
"548","685_1",NA,NA,NA
"549","686_1",NA,NA,NA
"550","687_1",NA,NA,NA
"551","688_1",NA,NA,NA
"552","689_1",6,21,"1"
"553","690_1",NA,NA,NA
"554","691_1",NA,NA,NA
"555","692_1",5,23,"0"
"556","693_1",NA,NA,NA
"557","694_1",3,25,"0"
"558","695_1",NA,NA,NA
"559","696_1",NA,NA,NA
"560","697_1",NA,NA,NA
"561","699_1",NA,NA,NA
"562","700_1",15,37,"0"
"563","701_1",NA,NA,NA
"564","702_1",NA,NA,NA
"565","703_1",NA,NA,NA
"566","704_1",NA,NA,NA
"567","705_1",NA,NA,NA
"568","706_1",NA,NA,NA
"569","707_1",NA,NA,NA
"570","708_1",NA,NA,NA
"571","709_1",NA,NA,NA
"572","711_1",1,26,"0"
"573","714_1",NA,NA,NA
"574","715_1",3,24,"0"
"575","716_1",2,24,"0"
"576","718_1",NA,NA,NA
"577","719_1",NA,NA,NA
"578","720_1",3,24,"0"
"579","721_1",NA,NA,NA
"580","724_1",NA,NA,NA
"581","725_1",NA,NA,NA
"582","726_1",NA,NA,NA
"583","727_1",NA,NA,NA
"584","728_1",NA,NA,NA
"585","732_1",0.5,29,"0"
"586","733_1",NA,NA,NA
"587","734_1",NA,NA,NA
"588","735_1",NA,NA,NA
"589","736_1",NA,NA,NA
"590","738_1",NA,NA,NA
"591","739_1",NA,NA,NA
"592","740_1",NA,NA,NA
"593","741_1",NA,NA,NA
"594","742_1",NA,NA,NA
"595","743_1",NA,NA,NA
"596","744_1",NA,NA,NA
"597","745_1",NA,NA,NA
"598","746_1",NA,NA,NA
"599","747_1",NA,NA,NA
"600","748_1",5,27,"0"
"601","749_1",NA,NA,NA
"602","750_1",NA,NA,NA
"603","751_1",NA,NA,NA
"604","752_1",NA,NA,NA
"605","753_1",NA,NA,NA
"606","754_1",NA,NA,NA
"607","755_1",NA,NA,NA
"608","757_1",NA,NA,NA
"609","759_1",NA,NA,NA
"610","760_1",NA,NA,NA
"611","762_1",NA,NA,NA
"612","763_1",2,24,"0"
"613","764_1",2,23,"0"
"614","765_1",NA,NA,NA
"615","767_1",NA,NA,NA
"616","768_1",NA,NA,NA
"617","769_1",NA,NA,NA
"618","770_1",NA,NA,NA
"619","771_1",NA,NA,NA
"620","773_1",NA,NA,NA
"621","775_1",NA,NA,NA
"622","776_1",NA,NA,NA
"623","777_1",NA,NA,NA
"624","778_1",NA,NA,NA
"625","779_1",2,33,"0"
"626","780_1",20,44,"0"
"627","782_1",NA,NA,NA
"628","783_1",2,31,"0"
"629","784_1",NA,NA,NA
"630","785_1",4,27,"0"
"631","787_1",10,27,"0"
"632","789_1",NA,NA,NA
"633","791_1",NA,NA,NA
"634","793_1",NA,NA,NA
"635","796_1",0,26,"0"
"636","797_1",NA,NA,NA
"637","798_1",NA,NA,NA
"638","799_1",NA,NA,NA
"639","800_1",NA,NA,NA
"640","801_1",NA,NA,NA
"641","802_1",NA,NA,NA
"642","803_1",2,25,"0"
"643","804_1",NA,NA,NA
"644","805_1",NA,NA,NA
"645","806_1",NA,NA,NA
"646","807_1",NA,NA,NA
"647","809_1",2,27,"0"
"648","811_1",NA,NA,NA
"649","812_1",NA,NA,NA
"650","813_1",NA,NA,NA
"651","814_1",NA,NA,NA
"652","816_1",10,42,"0"
"653","817_1",4,26,"0"
"654","818_1",NA,NA,NA
"655","819_1",NA,NA,NA
"656","820_1",NA,NA,NA
"657","821_1",2,42,"0"
"658","822_1",3,35,"0"
"659","823_1",NA,NA,NA
"660","825_1",NA,NA,NA
"661","826_1",NA,NA,NA
"662","827_1",NA,NA,NA
"663","828_1",8,20,"1"
"664","829_1",NA,NA,NA
"665","830_1",NA,NA,NA
"666","831_1",NA,NA,NA
"667","832_1",NA,NA,NA
"668","833_1",NA,NA,NA
"669","834_1",4,36,"0"
"670","836_1",7,27,"0"
"671","837_1",NA,NA,NA
"672","838_1",NA,NA,NA
"673","839_1",NA,NA,NA
"674","840_1",NA,NA,NA
"675","841_1",10,25,"0"
"676","842_1",NA,NA,NA
"677","843_1",NA,NA,NA
"678","844_1",1,18,"1"
"679","845_1",NA,NA,NA
"680","846_1",NA,NA,NA
"681","847_1",NA,NA,NA
"682","848_1",NA,NA,NA
"683","849_1",NA,NA,NA
"684","850_1",5,28,"0"
"685","851_1",NA,NA,NA
"686","852_1",NA,NA,NA
"687","853_1",NA,NA,NA
"688","854_1",NA,NA,NA
"689","856_1",NA,NA,NA
"690","857_1",NA,NA,NA
"691","858_1",NA,NA,NA
"692","859_1",NA,NA,NA
"693","860_1",NA,NA,NA
"694","862_1",NA,NA,NA
"695","863_1",NA,NA,NA
"696","864_1",NA,NA,NA
"697","865_1",NA,NA,NA
"698","866_1",NA,NA,NA
"699","867_1",NA,NA,NA
"700","868_1",NA,NA,NA
"701","869_1",NA,NA,NA
"702","870_1",NA,NA,NA
"703","871_1",NA,NA,NA
"704","872_1",NA,NA,NA
"705","873_1",NA,NA,NA
"706","874_1",NA,NA,NA
"707","876_1",3,31,"0"
"708","877_1",NA,NA,NA
"709","878_1",NA,NA,NA
"710","879_1",NA,NA,NA
"711","880_1",NA,NA,NA
"712","883_1",NA,NA,NA
"713","884_1",NA,NA,NA
"714","885_1",NA,NA,NA
"715","886_1",5,29,"0"
"716","887_1",NA,NA,NA
"717","888_1",NA,NA,NA
"718","889_1",NA,NA,NA
"719","890_1",NA,NA,NA
"720","891_1",NA,NA,NA
"721","892_1",NA,NA,NA
"722","893_1",NA,NA,NA
"723","896_1",NA,NA,NA
"724","897_1",NA,NA,NA
"725","898_1",NA,NA,NA
"726","899_1",8,40,"0"
"727","902_1",NA,NA,NA
"728","903_1",NA,NA,NA
"729","904_1",NA,NA,NA
"730","905_1",NA,NA,NA
"731","906_1",NA,NA,NA
"732","907_1",NA,NA,NA
"733","908_1",NA,NA,NA
"734","910_1",NA,NA,NA
"735","911_1",NA,NA,NA
"736","912_1",NA,NA,NA
"737","913_1",NA,NA,NA
"738","914_1",NA,NA,NA
"739","915_1",NA,NA,NA
"740","916_1",NA,NA,NA
"741","917_1",NA,NA,NA
"742","918_1",NA,NA,NA
"743","919_1",NA,NA,NA
"744","920_1",NA,NA,NA
"745","921_1",33,41,"0"
"746","922_1",2,23,"0"
"747","923_1",NA,NA,NA
"748","924_1",NA,NA,NA
"749","925_1",NA,NA,NA
"750","926_1",NA,NA,NA
"751","927_1",NA,NA,NA
"752","928_1",NA,NA,NA
"753","930_1",NA,NA,NA
"754","931_1",1,19,"1"
"755","933_1",2,31,"0"
"756","934_1",NA,NA,NA
"757","935_1",NA,NA,NA
"758","937_1",NA,NA,NA
"759","938_1",NA,NA,NA
"760","940_1",NA,NA,NA
"761","941_1",NA,NA,NA
"762","942_1",NA,NA,NA
"763","943_1",NA,NA,NA
"764","944_1",4,19,"1"
"765","945_1",NA,NA,NA
"766","946_1",3,22,"1"
"767","947_1",NA,NA,NA
"768","948_1",NA,NA,NA
"769","949_1",NA,NA,NA
"770","950_1",NA,NA,NA
"771","951_1",NA,NA,NA
"772","952_1",NA,NA,NA
"773","953_1",NA,NA,NA
"774","954_1",NA,NA,NA
"775","957_1",NA,NA,NA
"776","958_1",NA,NA,NA
"777","959_1",NA,NA,NA
"778","960_1",NA,NA,NA
"779","962_1",NA,NA,NA
"780","963_1",1,24,"0"
"781","964_1",NA,NA,NA
"782","965_1",NA,NA,NA
"783","966_1",NA,NA,NA
"784","967_1",NA,NA,NA
"785","971_1",NA,NA,NA
"786","973_1",NA,NA,NA
"787","974_1",1,22,"1"
"788","975_1",3,20,"1"
"789","976_1",NA,NA,NA
"790","977_1",NA,NA,NA
"791","978_1",NA,NA,NA
"792","979_1",NA,NA,NA
"793","980_1",0,26,"0"
"794","981_1",NA,NA,NA
"795","982_1",NA,NA,NA
"796","983_1",NA,NA,NA
"797","985_1",NA,NA,NA
"798","986_1",NA,NA,NA
"799","987_1",NA,NA,NA
"800","989_1",NA,NA,NA
"801","990_1",NA,NA,NA
"802","991_1",NA,NA,NA
"803","992_1",4,18,"1"
"804","994_1",1,29,"0"
"805","996_1",NA,NA,NA
"806","997_1",NA,NA,NA
"807","998_1",NA,NA,NA
"808","1000_1",5,29,"0"
"809","1001_1",NA,NA,NA
"810","1003_1",3,27,"0"
"811","1004_1",NA,NA,NA
"812","1006_1",1,30,"0"
"813","1007_1",NA,NA,NA
"814","1008_1",NA,NA,NA
"815","1010_1",NA,NA,NA
"816","1011_1",NA,NA,NA
"817","1012_1",NA,NA,NA
"818","1013_1",NA,NA,NA
"819","1014_1",NA,NA,NA
"820","1016_1",NA,NA,NA
"821","1017_1",NA,NA,NA
"822","1018_1",1,32,"0"
"823","1019_1",NA,NA,NA
"824","1020_1",NA,NA,NA
"825","1021_1",NA,NA,NA
"826","1022_1",NA,NA,NA
"827","1023_1",NA,NA,NA
"828","1024_1",NA,NA,NA
"829","1025_1",5,20,"1"
"830","1026_1",2,24,"0"
"831","1028_1",NA,NA,NA
"832","1030_1",NA,NA,NA
"833","1031_1",NA,NA,NA
"834","1033_1",NA,NA,NA
"835","1034_1",NA,NA,NA
"836","1038_1",0,28,"0"
"837","1039_1",NA,NA,NA
"838","1040_1",NA,NA,NA
"839","1041_1",3,31,"0"
"840","1042_1",NA,NA,NA
"841","1045_1",NA,NA,NA
"842","1047_1",NA,NA,NA
"843","1048_1",NA,NA,NA
"844","1051_1",3,42,"0"
"845","1052_1",NA,NA,NA
"846","1053_1",NA,NA,NA
"847","1054_1",20,44,"0"
"848","1055_1",NA,NA,NA
"849","1056_1",1,30,"0"
"850","1057_1",1,20,"1"
"851","1058_1",NA,NA,NA
"852","1059_1",NA,NA,NA
"853","1060_1",NA,NA,NA
"854","1061_1",NA,NA,NA
"855","1063_1",NA,NA,NA
"856","1064_1",NA,NA,NA
"857","1065_1",NA,NA,NA
"858","1068_1",NA,NA,NA
"859","1069_1",NA,NA,NA
"860","1070_1",NA,NA,NA
"861","1071_1",5,30,"0"
"862","1072_1",NA,NA,NA
"863","1073_1",NA,NA,NA
"864","1075_1",NA,NA,NA
"865","1076_1",NA,NA,NA
"866","1078_1",0.5,23,"0"
"867","1079_1",NA,NA,NA
"868","1080_1",NA,NA,NA
"869","1081_1",NA,NA,NA
"870","1082_1",NA,NA,NA
"871","1083_1",NA,NA,NA
"872","1084_1",NA,NA,NA
"873","1085_1",NA,NA,NA
"874","1086_1",NA,NA,NA
"875","1088_1",NA,NA,NA
"876","1089_1",NA,NA,NA
"877","1090_1",NA,NA,NA
"878","1092_1",2,23,"0"
"879","1095_1",NA,NA,NA
"880","1096_1",NA,NA,NA
"881","1097_1",NA,NA,NA
"882","1098_1",NA,NA,NA
"883","1099_1",NA,NA,NA
"884","1100_1",NA,NA,NA
"885","1101_1",NA,NA,NA
"886","1103_1",NA,NA,NA
"887","1104_1",NA,NA,NA
"888","1105_1",NA,NA,NA
"889","1106_1",NA,NA,NA
"890","1107_1",NA,NA,NA
"891","1108_1",NA,NA,NA
"892","1109_1",NA,NA,NA
"893","1110_1",NA,NA,NA
"894","1114_1",NA,NA,NA
"895","1115_1",NA,NA,NA
"896","1116_1",NA,NA,NA
"897","1117_1",2,49,"0"
"898","1118_1",NA,NA,NA
"899","1119_1",NA,NA,NA
"900","1120_1",NA,NA,NA
"901","1121_1",NA,NA,NA
"902","1122_1",NA,NA,NA
"903","1123_1",NA,NA,NA
"904","1124_1",NA,NA,NA
"905","1125_1",NA,NA,NA
"906","1126_1",NA,NA,NA
"907","1127_1",NA,NA,NA
"908","1128_1",NA,NA,NA
"909","1129_1",NA,NA,NA
"910","1130_1",NA,NA,NA
"911","1131_1",NA,NA,NA
"912","1132_1",NA,NA,NA
"913","1133_1",NA,NA,NA
"914","1134_1",NA,NA,NA
"915","1136_1",1,28,"0"
"916","1137_1",NA,NA,NA
"917","1138_1",NA,NA,NA
"918","1139_1",0,27,"0"
"919","1140_1",3,31,"0"
"920","1141_1",NA,NA,NA
"921","1142_1",NA,NA,NA
"922","1143_1",NA,NA,NA
"923","1144_1",NA,NA,NA
"924","1146_1",NA,NA,NA
"925","1150_1",NA,NA,NA
"926","1151_1",NA,NA,NA
"927","1152_1",NA,NA,NA
"928","1153_1",NA,NA,NA
"929","1154_1",NA,NA,NA
"930","1155_1",NA,NA,NA
"931","1156_1",NA,NA,NA
"932","1158_1",NA,NA,NA
"933","1159_1",NA,NA,NA
"934","1160_1",NA,NA,NA
"935","1161_1",NA,NA,NA
"936","1162_1",NA,NA,NA
"937","1163_1",NA,NA,NA
"938","1164_1",NA,NA,NA
"939","1166_1",NA,NA,NA
"940","1167_1",NA,NA,NA
"941","1170_1",5,35,"0"
"942","1171_1",20,40,"0"
"943","1174_1",NA,NA,NA
"944","1175_1",NA,NA,NA
"945","1176_1",NA,NA,NA
"946","1177_1",NA,NA,NA
"947","1178_1",NA,NA,NA
"948","1180_1",NA,NA,NA
"949","1181_1",NA,NA,NA
"950","1183_1",NA,NA,NA
"951","1184_1",NA,NA,NA
"952","1185_1",NA,NA,NA
"953","1186_1",NA,NA,NA
"954","1187_1",NA,NA,NA
"955","1188_1",3,27,"0"
"956","1190_1",NA,NA,NA
"957","1191_1",NA,NA,NA
"958","1192_1",NA,NA,NA
"959","1193_1",NA,NA,NA
"960","1194_1",NA,NA,NA
"961","1196_1",9,31,"0"
"962","1197_1",NA,NA,NA
"963","1198_1",NA,NA,NA
"964","1199_1",NA,NA,NA
"965","1200_1",NA,NA,NA
"966","1201_1",NA,NA,NA
"967","1202_1",NA,NA,NA
"968","1203_1",NA,NA,NA
"969","1205_1",NA,NA,NA
"970","1206_1",NA,NA,NA
"971","1208_1",NA,NA,NA
"972","1209_1",NA,NA,NA
"973","1211_1",NA,NA,NA
"974","1213_1",NA,NA,NA
"975","1214_1",NA,NA,NA
"976","1215_1",NA,NA,NA
"977","1216_1",NA,NA,NA
"978","1217_1",NA,NA,NA
"979","1218_1",NA,NA,NA
"980","1219_1",NA,NA,NA
"981","1220_1",NA,NA,NA
"982","1221_1",NA,NA,NA
"983","1222_1",NA,NA,NA
"984","1223_1",1,30,"0"
"985","1224_1",NA,NA,NA
"986","1225_1",2,44,"0"
"987","1226_1",NA,NA,NA
"988","1227_1",NA,NA,NA
"989","1228_1",NA,NA,NA
"990","1229_1",NA,NA,NA
"991","1231_1",NA,NA,NA
"992","1232_1",NA,NA,NA
"993","1233_1",NA,NA,NA
"994","1234_1",NA,NA,NA
"995","1236_1",NA,NA,NA
"996","1237_1",NA,NA,NA
"997","1240_1",NA,NA,NA
"998","1241_1",NA,NA,NA
"999","1242_1",NA,NA,NA
"1000","1243_1",NA,NA,NA
"1001","1244_1",NA,NA,NA
"1002","1245_1",NA,NA,NA
"1003","1246_1",NA,NA,NA
"1004","1247_1",NA,NA,NA
"1005","1248_1",NA,NA,NA
"1006","1249_1",NA,NA,NA
"1007","1250_1",NA,NA,NA
"1008","1251_1",2,19,"1"
"1009","1253_1",NA,NA,NA
"1010","1255_1",NA,NA,NA
"1011","1256_1",NA,NA,NA
"1012","1257_1",NA,NA,NA
"1013","1258_1",NA,NA,NA
"1014","1260_1",NA,NA,NA
"1015","1261_1",NA,NA,NA
"1016","1264_1",NA,NA,NA
"1017","1266_1",NA,NA,NA
"1018","1267_1",NA,NA,NA
"1019","1269_1",NA,NA,NA
"1020","1271_1",8,26,"0"
"1021","1272_1",0,34,"0"
"1022","1273_1",NA,NA,NA
"1023","1275_1",NA,NA,NA
"1024","1276_1",NA,NA,NA
"1025","1277_1",NA,NA,NA
"1026","1278_1",NA,NA,NA
"1027","1279_1",NA,NA,NA
"1028","1280_1",7,25,"0"
"1029","1281_1",NA,NA,NA
"1030","1283_1",3,23,"0"
"1031","1284_1",NA,NA,NA
"1032","1288_1",NA,NA,NA
"1033","1289_1",10,27,"0"
"1034","1290_1",NA,NA,NA
"1035","1291_1",NA,NA,NA
"1036","1292_1",NA,NA,NA
"1037","1293_1",5,24,"0"
"1038","1296_1",NA,NA,NA
"1039","1298_1",NA,NA,NA
"1040","1299_1",NA,NA,NA
"1041","1300_1",17,38,"0"
"1042","1302_1",NA,NA,NA
"1043","1304_1",NA,NA,NA
"1044","1305_1",NA,NA,NA
"1045","1306_1",NA,NA,NA
"1046","1307_1",NA,NA,NA
"1047","1308_1",1,32,"0"
"1048","1311_1",NA,NA,NA
"1049","1312_1",2,30,"0"
"1050","1313_1",NA,NA,NA
"1051","1314_1",NA,NA,NA
"1052","1315_1",2,26,"0"
"1053","1317_1",NA,NA,NA
"1054","1318_1",NA,NA,NA
"1055","1319_1",NA,NA,NA
"1056","1320_1",NA,NA,NA
"1057","1321_1",NA,NA,NA
"1058","1322_1",NA,NA,NA
"1059","1323_1",NA,NA,NA
"1060","1324_1",NA,NA,NA
"1061","1325_1",NA,NA,NA
"1062","1326_1",NA,NA,NA
"1063","1329_1",NA,NA,NA
"1064","1331_1",8,27,"0"
"1065","1332_1",NA,NA,NA
"1066","1333_1",NA,NA,NA
"1067","1334_1",NA,NA,NA
"1068","1335_1",NA,NA,NA
"1069","1336_1",NA,NA,NA
"1070","1337_1",NA,NA,NA
"1071","1338_1",NA,NA,NA
"1072","1340_1",NA,NA,NA
"1073","1341_1",NA,NA,NA
"1074","1343_1",NA,NA,NA
"1075","1345_1",NA,NA,NA
"1076","1346_1",NA,NA,NA
"1077","1348_1",NA,NA,NA
"1078","1349_1",NA,NA,NA
"1079","1351_1",NA,NA,NA
"1080","1352_1",NA,NA,NA
"1081","1353_1",NA,NA,NA
"1082","1355_1",NA,NA,NA
"1083","1356_1",NA,NA,NA
"1084","1357_1",NA,NA,NA
"1085","1359_1",NA,NA,NA
"1086","1361_1",NA,NA,NA
"1087","1363_1",NA,NA,NA
"1088","1364_1",NA,NA,NA
"1089","1365_1",NA,NA,NA
"1090","1366_1",NA,NA,NA
"1091","1367_1",10,36,"0"
"1092","1368_1",NA,NA,NA
"1093","1369_1",NA,NA,NA
"1094","1370_1",3,28,"0"
"1095","1371_1",NA,NA,NA
"1096","1372_1",NA,NA,NA
"1097","1373_1",NA,NA,NA
"1098","1374_1",NA,NA,NA
"1099","1375_1",3,33,"0"
"1100","1377_1",NA,NA,NA
"1101","1378_1",NA,NA,NA
"1102","1380_1",NA,NA,NA
"1103","1381_1",NA,NA,NA
"1104","1382_1",NA,NA,NA
"1105","1383_1",3,35,"0"
"1106","1384_1",NA,NA,NA
"1107","1385_1",NA,NA,NA
"1108","1387_1",NA,NA,NA
"1109","1388_1",NA,NA,NA
"1110","1389_1",NA,NA,NA
"1111","1392_1",NA,NA,NA
"1112","1394_1",4,23,"0"
"1113","1395_1",NA,NA,NA
"1114","1396_1",NA,NA,NA
"1115","1397_1",NA,NA,NA
"1116","1398_1",NA,NA,NA
"1117","1399_1",NA,NA,NA
"1118","1400_1",NA,NA,NA
"1119","1401_1",NA,NA,NA
"1120","1402_1",NA,NA,NA
"1121","1403_1",3,37,"0"
"1122","1404_1",NA,NA,NA
"1123","1405_1",NA,NA,NA
"1124","1406_1",NA,NA,NA
"1125","1411_1",NA,NA,NA
"1126","1412_1",NA,NA,NA
"1127","1415_1",NA,NA,NA
"1128","1418_1",NA,NA,NA
"1129","1419_1",NA,NA,NA
"1130","1420_1",NA,NA,NA
"1131","1421_1",NA,NA,NA
"1132","1424_1",NA,NA,NA
"1133","1425_1",NA,NA,NA
"1134","1428_1",NA,NA,NA
"1135","1430_1",NA,NA,NA
"1136","1431_1",NA,NA,NA
"1137","1433_1",NA,NA,NA
"1138","1434_1",NA,NA,NA
"1139","1435_1",NA,NA,NA
"1140","1436_1",NA,NA,NA
"1141","1437_1",1,25,"0"
"1142","1440_1",NA,NA,NA
"1143","1441_1",6,34,"0"
"1144","1443_1",NA,NA,NA
"1145","1445_1",NA,NA,NA
"1146","1446_1",NA,NA,NA
"1147","1447_1",NA,NA,NA
"1148","1448_1",4,25,"0"
"1149","1450_1",10,26,"0"
"1150","1454_1",NA,NA,NA
"1151","1455_1",NA,NA,NA
"1152","1456_1",NA,NA,NA
"1153","1458_1",NA,NA,NA
"1154","1461_1",1,36,"0"
"1155","1462_1",NA,NA,NA
"1156","1463_1",NA,NA,NA
"1157","1465_1",4,26,"0"
"1158","1466_1",NA,NA,NA
"1159","1467_1",1,30,"0"
"1160","1468_1",NA,NA,NA
"1161","1470_1",NA,NA,NA
"1162","1471_1",NA,NA,NA
"1163","1472_1",5,21,"1"
"1164","1474_1",5,30,"0"
"1165","1475_1",NA,NA,NA
"1166","1478_1",NA,NA,NA
"1167","1479_1",NA,NA,NA
"1168","1480_1",NA,NA,NA
"1169","1481_1",NA,NA,NA
"1170","1482_1",NA,NA,NA
"1171","1483_1",NA,NA,NA
"1172","1485_1",NA,NA,NA
"1173","1486_1",NA,NA,NA
"1174","1487_1",5,25,"0"
"1175","1488_1",NA,NA,NA
"1176","1489_1",NA,NA,NA
"1177","1490_1",NA,NA,NA
"1178","1491_1",2,21,"1"
"1179","1492_1",NA,NA,NA
"1180","1493_1",1,49,"0"
"1181","1494_1",NA,NA,NA
"1182","1495_1",NA,NA,NA
"1183","1497_1",NA,NA,NA
"1184","1498_1",NA,NA,NA
"1185","1500_1",NA,NA,NA
"1186","1501_1",NA,NA,NA
"1187","1502_1",NA,NA,NA
"1188","1503_1",NA,NA,NA
"1189","1504_1",NA,NA,NA
"1190","1505_1",5,23,"0"
"1191","1506_1",7,23,"0"
"1192","1507_1",NA,NA,NA
"1193","1508_1",NA,NA,NA
"1194","1509_1",NA,NA,NA
"1195","1511_1",NA,NA,NA
"1196","1512_1",NA,NA,NA
"1197","1513_1",NA,NA,NA
"1198","1514_1",NA,NA,NA
"1199","1515_1",NA,NA,NA
"1200","1516_1",NA,NA,NA
"1201","1517_1",NA,NA,NA
"1202","1520_1",NA,NA,NA
"1203","1522_1",NA,NA,NA
"1204","1523_1",NA,NA,NA
"1205","1524_1",NA,NA,NA
"1206","1525_1",NA,NA,NA
"1207","1526_1",NA,NA,NA
"1208","1528_1",NA,NA,NA
"1209","1530_1",NA,NA,NA
"1210","1531_1",NA,NA,NA
"1211","1533_1",NA,NA,NA
"1212","1534_1",NA,NA,NA
"1213","1535_1",NA,NA,NA
"1214","1536_1",NA,NA,NA
"1215","1537_1",NA,NA,NA
"1216","1538_1",NA,NA,NA
"1217","1539_1",NA,NA,NA
"1218","1540_1",NA,NA,NA
"1219","1541_1",4,29,"0"
"1220","1542_1",NA,NA,NA
"1221","1543_1",NA,NA,NA
"1222","1544_1",NA,NA,NA
"1223","1545_1",NA,NA,NA
"1224","1546_1",3,25,"0"
"1225","1547_1",NA,NA,NA
"1226","1548_1",NA,NA,NA
"1227","1550_1",NA,NA,NA
"1228","1551_1",NA,NA,NA
"1229","1553_1",NA,NA,NA
"1230","1554_1",NA,NA,NA
"1231","1555_1",NA,NA,NA
"1232","1556_1",NA,NA,NA
"1233","1558_1",NA,NA,NA
"1234","1559_1",NA,NA,NA
"1235","1560_1",NA,NA,NA
"1236","1562_1",NA,NA,NA
"1237","1563_1",NA,NA,NA
"1238","1564_1",NA,NA,NA
"1239","1565_1",NA,NA,NA
"1240","1566_1",NA,NA,NA
"1241","1567_1",NA,NA,NA
"1242","1568_1",NA,NA,NA
"1243","1569_1",NA,NA,NA
"1244","1570_1",NA,NA,NA
"1245","1571_1",NA,NA,NA
"1246","1572_1",NA,NA,NA
"1247","1574_1",NA,NA,NA
"1248","1576_1",NA,NA,NA
"1249","1577_1",NA,NA,NA
"1250","1578_1",NA,NA,NA
"1251","1579_1",NA,NA,NA
"1252","1581_1",NA,NA,NA
"1253","1582_1",6,24,"0"
"1254","1583_1",NA,NA,NA
"1255","1584_1",NA,NA,NA
"1256","1585_1",1,24,"0"
"1257","1586_1",NA,NA,NA
"1258","1587_1",NA,NA,NA
"1259","1588_1",NA,NA,NA
"1260","1589_1",5,25,"0"
"1261","1591_1",NA,NA,NA
"1262","1592_1",NA,NA,NA
"1263","1593_1",2,26,"0"
"1264","1594_1",NA,NA,NA
"1265","1595_1",NA,NA,NA
"1266","1596_1",NA,NA,NA
"1267","1597_1",NA,NA,NA
"1268","1598_1",NA,NA,NA
"1269","1599_1",NA,NA,NA
"1270","1601_1",NA,NA,NA
"1271","1603_1",NA,NA,NA
"1272","1605_1",NA,NA,NA
"1273","1607_1",NA,NA,NA
"1274","1608_1",NA,NA,NA
"1275","1609_1",NA,NA,NA
"1276","1610_1",NA,NA,NA
"1277","1611_1",NA,NA,NA
"1278","1612_1",NA,NA,NA
"1279","1613_1",NA,NA,NA
"1280","1614_1",NA,NA,NA
"1281","1615_1",NA,NA,NA
"1282","1616_1",NA,NA,NA
"1283","1617_1",NA,NA,NA
"1284","1618_1",NA,NA,NA
"1285","1619_1",NA,NA,NA
"1286","1621_1",NA,NA,NA
"1287","1622_1",3,27,"0"
"1288","1623_1",NA,NA,NA
"1289","1624_1",NA,NA,NA
"1290","1625_1",2,26,"0"
"1291","1627_1",NA,NA,NA
"1292","1628_1",NA,NA,NA
"1293","1630_1",5,27,"0"
"1294","1631_1",NA,NA,NA
"1295","1633_1",NA,NA,NA
"1296","1634_1",5,26,"0"
"1297","1635_1",NA,NA,NA
"1298","1636_1",NA,NA,NA
"1299","1637_1",NA,NA,NA
"1300","1638_1",NA,NA,NA
"1301","1639_1",NA,NA,NA
"1302","1640_1",4,22,"1"
"1303","1641_1",NA,NA,NA
"1304","1642_1",NA,NA,NA
"1305","1644_1",2,24,"0"
"1306","1646_1",NA,NA,NA
"1307","1647_1",1,41,"0"
"1308","1648_1",NA,NA,NA
"1309","1649_1",NA,NA,NA
"1310","1650_1",NA,NA,NA
"1311","1651_1",NA,NA,NA
"1312","1652_1",NA,NA,NA
"1313","1653_1",NA,NA,NA
"1314","1654_1",NA,NA,NA
"1315","1656_1",NA,NA,NA
"1316","1658_1",1,24,"0"
"1317","1661_1",NA,NA,NA
"1318","1662_1",1,32,"0"
"1319","1663_1",NA,NA,NA
"1320","1665_1",2,22,"1"
"1321","1666_1",NA,NA,NA
"1322","1669_1",NA,NA,NA
"1323","1671_1",NA,NA,NA
"1324","1672_1",NA,NA,NA
"1325","1675_1",NA,NA,NA
"1326","1676_1",NA,NA,NA
"1327","1677_1",NA,NA,NA
"1328","1679_1",NA,NA,NA
"1329","1680_1",NA,NA,NA
"1330","1681_1",5,21,"1"
"1331","1683_1",NA,NA,NA
"1332","1684_1",1,30,"0"
"1333","1685_1",NA,NA,NA
"1334","1686_1",1,29,"0"
"1335","1688_1",NA,NA,NA
"1336","1689_1",NA,NA,NA
"1337","1690_1",NA,NA,NA
"1338","1691_1",NA,NA,NA
"1339","1693_1",NA,NA,NA
"1340","1694_1",NA,NA,NA
"1341","1695_1",NA,NA,NA
"1342","1698_1",NA,NA,NA
"1343","1699_1",10,52,"0"
"1344","1700_1",NA,NA,NA
"1345","1701_1",NA,NA,NA
"1346","1702_1",NA,NA,NA
"1347","1703_1",NA,NA,NA
"1348","1704_1",NA,NA,NA
"1349","1705_1",NA,NA,NA
"1350","1706_1",NA,NA,NA
"1351","1707_1",NA,NA,NA
"1352","1708_1",NA,NA,NA
"1353","1709_1",NA,NA,NA
"1354","1710_1",NA,NA,NA
"1355","1711_1",NA,NA,NA
"1356","1712_1",2,33,"0"
"1357","1715_1",NA,NA,NA
"1358","1716_1",NA,NA,NA
"1359","1718_1",NA,NA,NA
"1360","1719_1",NA,NA,NA
"1361","1720_1",NA,NA,NA
"1362","1721_1",NA,NA,NA
"1363","1722_1",NA,NA,NA
"1364","1723_1",5,22,"1"
"1365","1724_1",NA,NA,NA
"1366","1725_1",4,25,"0"
"1367","1726_1",NA,NA,NA
"1368","1727_1",NA,NA,NA
"1369","1729_1",NA,NA,NA
"1370","1730_1",NA,NA,NA
"1371","1732_1",0,21,"1"
"1372","1733_1",NA,NA,NA
"1373","1734_1",4,26,"0"
"1374","1735_1",NA,NA,NA
"1375","1736_1",NA,NA,NA
"1376","1737_1",5,31,"0"
"1377","1738_1",NA,NA,NA
"1378","1739_1",NA,NA,NA
"1379","1740_1",NA,NA,NA
"1380","1741_1",NA,NA,NA
"1381","1742_1",NA,NA,NA
"1382","1743_1",10,35,"0"
"1383","1744_1",NA,NA,NA
"1384","1745_1",NA,NA,NA
"1385","1746_1",NA,NA,NA
"1386","1747_1",NA,NA,NA
"1387","1748_1",NA,NA,NA
"1388","1749_1",2,23,"0"
"1389","1752_1",4,23,"0"
"1390","1753_1",NA,NA,NA
"1391","1755_1",2,31,"0"
"1392","1756_1",NA,NA,NA
"1393","1757_1",NA,NA,NA
"1394","1758_1",4,23,"0"
"1395","1759_1",NA,NA,NA
"1396","1760_1",NA,NA,NA
"1397","1761_1",NA,NA,NA
"1398","1763_1",0,41,"0"
"1399","1764_1",NA,NA,NA
"1400","1766_1",NA,NA,NA
"1401","1767_1",NA,NA,NA
"1402","1768_1",NA,NA,NA
"1403","1769_1",NA,NA,NA
"1404","1771_1",NA,NA,NA
"1405","1774_1",NA,NA,NA
"1406","1775_1",NA,NA,NA
"1407","1776_1",NA,NA,NA
"1408","1777_1",NA,NA,NA
"1409","1778_1",NA,NA,NA
"1410","1779_1",NA,NA,NA
"1411","1780_1",NA,NA,NA
"1412","1781_1",NA,NA,NA
"1413","1782_1",NA,NA,NA
"1414","1783_1",NA,NA,NA
"1415","1784_1",NA,NA,NA
"1416","1787_1",NA,NA,NA
"1417","1788_1",NA,NA,NA
"1418","1789_1",NA,NA,NA
"1419","1790_1",NA,NA,NA
"1420","1791_1",NA,NA,NA
"1421","1792_1",10,29,"0"
"1422","1793_1",NA,NA,NA
"1423","1794_1",NA,NA,NA
"1424","1795_1",NA,NA,NA
"1425","1796_1",NA,NA,NA
"1426","1797_1",NA,NA,NA
"1427","1799_1",NA,NA,NA
"1428","1801_1",3,26,"0"
"1429","1802_1",1,26,"0"
"1430","1803_1",7,48,"0"
"1431","1804_1",NA,NA,NA
"1432","1805_1",NA,NA,NA
"1433","1806_1",8,45,"0"
"1434","1807_1",NA,NA,NA
"1435","1808_1",NA,NA,NA
"1436","1809_1",9,37,"0"
"1437","1810_1",NA,NA,NA
"1438","1812_1",NA,NA,NA
"1439","1813_1",NA,NA,NA
"1440","1814_1",3,24,"0"
"1441","1815_1",NA,NA,NA
"1442","1816_1",1,23,"0"
"1443","1817_1",NA,NA,NA
"1444","1818_1",NA,NA,NA
"1445","1819_1",2,31,"0"
"1446","1820_1",NA,NA,NA
"1447","1825_1",NA,NA,NA
"1448","1826_1",NA,NA,NA
"1449","1827_1",NA,NA,NA
"1450","1828_1",NA,NA,NA
"1451","1829_1",NA,NA,NA
"1452","1831_1",NA,NA,NA
"1453","1832_1",NA,NA,NA
"1454","1833_1",NA,NA,NA
"1455","1834_1",NA,NA,NA
"1456","1835_1",NA,NA,NA
"1457","1838_1",NA,NA,NA
"1458","1839_1",NA,NA,NA
"1459","1840_1",NA,NA,NA
"1460","1841_1",NA,NA,NA
"1461","1842_1",NA,NA,NA
"1462","1843_1",NA,NA,NA
"1463","1844_1",NA,NA,NA
"1464","1845_1",NA,NA,NA
"1465","1846_1",NA,NA,NA
"1466","1848_1",2,20,"1"
"1467","1849_1",NA,NA,NA
"1468","1850_1",7,28,"0"
"1469","1853_1",NA,NA,NA
"1470","1854_1",NA,NA,NA
"1471","1855_1",NA,NA,NA
"1472","1856_1",3,26,"0"
"1473","1858_1",NA,NA,NA
"1474","1859_1",NA,NA,NA
"1475","1860_1",1,32,"0"
"1476","1861_1",2,25,"0"
"1477","1862_1",NA,NA,NA
"1478","1863_1",NA,NA,NA
"1479","1864_1",1,22,"1"
"1480","1866_1",NA,NA,NA
"1481","1868_1",NA,NA,NA
"1482","1869_1",NA,NA,NA
"1483","1870_1",NA,NA,NA
"1484","1872_1",NA,NA,NA
"1485","1873_1",NA,NA,NA
"1486","1874_1",NA,NA,NA
"1487","1875_1",NA,NA,NA
"1488","1876_1",NA,NA,NA
"1489","1877_1",2,30,"0"
"1490","1881_1",NA,NA,NA
"1491","1882_1",NA,NA,NA
"1492","1883_1",NA,NA,NA
"1493","1884_1",1,33,"0"
"1494","1885_1",NA,NA,NA
"1495","1887_1",NA,NA,NA
"1496","1888_1",NA,NA,NA
"1497","1889_1",NA,NA,NA
"1498","1890_1",NA,NA,NA
"1499","1891_1",NA,NA,NA
"1500","1892_1",NA,NA,NA
"1501","1893_1",NA,NA,NA
"1502","1894_1",3,23,"0"
"1503","1895_1",NA,NA,NA
"1504","1897_1",NA,NA,NA
"1505","1898_1",NA,NA,NA
"1506","1899_1",NA,NA,NA
"1507","1900_1",NA,NA,NA
"1508","1901_1",NA,NA,NA
"1509","1902_1",2,22,"1"
"1510","1903_1",NA,NA,NA
"1511","1905_1",4,44,"0"
"1512","1907_1",NA,NA,NA
"1513","1909_1",NA,NA,NA
"1514","1910_1",2,32,"0"
"1515","1911_1",NA,NA,NA
"1516","1913_1",NA,NA,NA
"1517","1915_1",NA,NA,NA
"1518","1919_1",NA,NA,NA
"1519","1920_1",NA,NA,NA
"1520","1921_1",NA,NA,NA
"1521","1923_1",NA,NA,NA
"1522","1924_1",NA,NA,NA
"1523","1925_1",1,26,"0"
"1524","1926_1",NA,NA,NA
"1525","1927_1",NA,NA,NA
"1526","1928_1",NA,NA,NA
"1527","1929_1",NA,NA,NA
"1528","1930_1",NA,NA,NA
"1529","1931_1",NA,NA,NA
"1530","1933_1",NA,NA,NA
"1531","1934_1",2,32,"0"
"1532","1936_1",NA,NA,NA
"1533","1937_1",NA,NA,NA
"1534","1938_1",NA,NA,NA
"1535","1939_1",NA,NA,NA
"1536","1940_1",NA,NA,NA
"1537","1941_1",NA,NA,NA
"1538","1942_1",NA,NA,NA
"1539","1943_1",NA,NA,NA
"1540","1944_1",NA,NA,NA
"1541","1946_1",NA,NA,NA
"1542","1947_1",NA,NA,NA
"1543","1948_1",NA,NA,NA
"1544","1949_1",NA,NA,NA
"1545","1950_1",NA,NA,NA
"1546","1951_1",1,39,"0"
"1547","1952_1",NA,NA,NA
"1548","1954_1",NA,NA,NA
"1549","1956_1",1,25,"0"
"1550","1957_1",NA,NA,NA
"1551","1958_1",NA,NA,NA
"1552","1959_1",NA,NA,NA
"1553","1961_1",NA,NA,NA
"1554","1962_1",NA,NA,NA
"1555","1964_1",3,23,"0"
"1556","1965_1",NA,NA,NA
"1557","1967_1",NA,NA,NA
"1558","1968_1",NA,NA,NA
"1559","1969_1",NA,NA,NA
"1560","1973_1",4,30,"0"
"1561","1977_1",NA,NA,NA
"1562","1978_1",1,44,"0"
"1563","1979_1",4,31,"0"
"1564","1980_1",NA,NA,NA
"1565","1981_1",NA,NA,NA
"1566","1983_1",10,27,"0"
"1567","1985_1",NA,NA,NA
"1568","1986_1",40,52,"0"
"1569","1988_1",NA,NA,NA
"1570","1989_1",NA,NA,NA
"1571","1990_1",NA,NA,NA
"1572","1991_1",NA,NA,NA
"1573","1992_1",NA,NA,NA
"1574","1993_1",NA,NA,NA
"1575","1994_1",NA,NA,NA
"1576","1996_1",NA,NA,NA
"1577","1997_1",NA,NA,NA
"1578","1998_1",NA,NA,NA
"1579","2000_1",20,32,"0"
"1580","2001_1",NA,NA,NA
"1581","2002_1",0.4,26,"0"
"1582","2003_1",NA,NA,NA
"1583","2004_1",NA,NA,NA
"1584","2006_1",NA,NA,NA
"1585","2008_1",NA,NA,NA
"1586","2009_1",NA,NA,NA
"1587","2010_1",NA,NA,NA
"1588","2013_1",NA,NA,NA
"1589","2015_1",NA,NA,NA
"1590","2017_1",NA,NA,NA
"1591","2018_1",NA,NA,NA
"1592","2019_1",2,38,"0"
"1593","2020_1",NA,NA,NA
"1594","2021_1",3,19,"1"
"1595","2024_1",NA,NA,NA
"1596","2025_1",NA,NA,NA
"1597","2027_1",NA,NA,NA
"1598","2028_1",1,38,"0"
"1599","2032_1",NA,NA,NA
"1600","2033_1",NA,NA,NA
"1601","2034_1",NA,NA,NA
"1602","2035_1",NA,NA,NA
"1603","2036_1",4,27,"0"
"1604","2038_1",2,32,"0"
"1605","2040_1",NA,NA,NA
"1606","2041_1",NA,NA,NA
"1607","2042_1",NA,NA,NA
"1608","2044_1",2,24,"0"
"1609","2045_1",NA,NA,NA
"1610","2046_1",NA,NA,NA
"1611","2047_1",NA,NA,NA
"1612","2048_1",NA,NA,NA
"1613","2049_1",2,26,"0"
"1614","2051_1",1,40,"0"
"1615","2052_1",NA,NA,NA
"1616","2053_1",6,26,"0"
"1617","2054_1",NA,NA,NA
"1618","2055_1",NA,NA,NA
"1619","2056_1",1,35,"0"
"1620","2057_1",NA,NA,NA
"1621","2058_1",NA,NA,NA
"1622","2060_1",NA,NA,NA
"1623","2061_1",NA,NA,NA
"1624","2062_1",NA,NA,NA
"1625","2065_1",NA,NA,NA
"1626","2066_1",NA,NA,NA
"1627","2067_1",NA,NA,NA
"1628","2068_1",NA,NA,NA
"1629","2070_1",NA,NA,NA
"1630","2072_1",NA,NA,NA
"1631","2073_1",NA,NA,NA
"1632","2075_1",NA,NA,NA
"1633","2076_1",NA,NA,NA
"1634","2077_1",2,35,"0"
"1635","2078_1",NA,NA,NA
"1636","2080_1",NA,NA,NA
"1637","2081_1",NA,NA,NA
"1638","2082_1",NA,NA,NA
"1639","2083_1",NA,NA,NA
"1640","2085_1",NA,NA,NA
"1641","2086_1",NA,NA,NA
"1642","2089_1",NA,NA,NA
"1643","2090_1",NA,NA,NA
"1644","2092_1",NA,NA,NA
"1645","2093_1",NA,NA,NA
"1646","2094_1",NA,NA,NA
"1647","2095_1",NA,NA,NA
"1648","2096_1",1,33,"0"
"1649","2097_1",NA,NA,NA
"1650","2098_1",NA,NA,NA
"1651","2099_1",NA,NA,NA
"1652","2100_1",0,46,"0"
"1653","2101_1",NA,NA,NA
"1654","2103_1",NA,NA,NA
"1655","2104_1",NA,NA,NA
"1656","2105_1",NA,NA,NA
"1657","2108_1",NA,NA,NA
"1658","2109_1",NA,NA,NA
"1659","2112_1",NA,NA,NA
"1660","2115_1",NA,NA,NA
"1661","2116_1",NA,NA,NA
"1662","2117_1",NA,NA,NA
"1663","2118_1",NA,NA,NA
"1664","2120_1",NA,NA,NA
"1665","2121_1",NA,NA,NA
"1666","2122_1",5,31,"0"
"1667","2123_1",NA,NA,NA
"1668","2125_1",NA,NA,NA
"1669","2126_1",NA,NA,NA
"1670","2127_1",2,25,"0"
"1671","2128_1",NA,NA,NA
"1672","2133_1",NA,NA,NA
"1673","2135_1",NA,NA,NA
"1674","2137_1",NA,NA,NA
"1675","2138_1",NA,NA,NA
"1676","2139_1",NA,NA,NA
"1677","2141_1",NA,NA,NA
"1678","2143_1",NA,NA,NA
"1679","2145_1",NA,NA,NA
"1680","2146_1",NA,NA,NA
"1681","2148_1",NA,NA,NA
"1682","2149_1",NA,NA,NA
"1683","2150_1",NA,NA,NA
"1684","2151_1",NA,NA,NA
"1685","2152_1",NA,NA,NA
"1686","2154_1",NA,NA,NA
"1687","2155_1",5,25,"0"
"1688","2156_1",NA,NA,NA
"1689","2157_1",NA,NA,NA
"1690","2158_1",NA,NA,NA
"1691","2160_1",NA,NA,NA
"1692","2161_1",NA,NA,NA
"1693","2162_1",NA,NA,NA
"1694","2163_1",NA,NA,NA
"1695","2164_1",NA,NA,NA
"1696","2165_1",NA,NA,NA
"1697","2166_1",NA,NA,NA
"1698","2167_1",3,25,"0"
"1699","2170_1",1,20,"1"
"1700","2172_1",NA,NA,NA
"1701","2173_1",NA,NA,NA
"1702","2174_1",NA,NA,NA
"1703","2175_1",NA,NA,NA
"1704","2176_1",NA,NA,NA
"1705","2177_1",NA,NA,NA
"1706","2178_1",NA,NA,NA
"1707","2179_1",NA,NA,NA
"1708","2180_1",NA,NA,NA
"1709","2181_1",NA,NA,NA
"1710","2182_1",NA,NA,NA
"1711","2183_1",3,20,"1"
"1712","2184_1",15,39,"0"
"1713","2185_1",NA,NA,NA
"1714","2186_1",NA,NA,NA
"1715","2187_1",NA,NA,NA
"1716","2188_1",NA,NA,NA
"1717","2189_1",NA,NA,NA
"1718","2190_1",NA,NA,NA
"1719","2191_1",NA,NA,NA
"1720","2194_1",NA,NA,NA
"1721","2195_1",NA,NA,NA
"1722","2196_1",NA,NA,NA
"1723","2197_1",NA,NA,NA
"1724","2198_1",NA,NA,NA
"1725","0_2",NA,NA,NA
"1726","1_2",NA,NA,NA
"1727","2_2",NA,NA,NA
"1728","3_2",NA,NA,NA
"1729","5_2",NA,NA,NA
"1730","6_2",NA,NA,NA
"1731","7_2",NA,NA,NA
"1732","8_2",NA,NA,NA
"1733","9_2",NA,NA,NA
"1734","10_2",NA,NA,NA
"1735","11_2",NA,NA,NA
"1736","12_2",NA,NA,NA
"1737","14_2",NA,NA,NA
"1738","15_2",NA,NA,NA
"1739","16_2",NA,NA,NA
"1740","20_2",NA,NA,NA
"1741","21_2",NA,NA,NA
"1742","23_2",NA,NA,NA
"1743","24_2",NA,NA,NA
"1744","26_2",NA,NA,NA
"1745","27_2",2,31,"0"
"1746","29_2",NA,NA,NA
"1747","30_2",NA,NA,NA
"1748","32_2",NA,NA,NA
"1749","33_2",NA,NA,NA
"1750","34_2",NA,NA,NA
"1751","35_2",NA,NA,NA
"1752","36_2",NA,NA,NA
"1753","38_2",NA,NA,NA
"1754","40_2",NA,NA,NA
"1755","42_2",NA,NA,NA
"1756","43_2",NA,NA,NA
"1757","44_2",NA,NA,NA
"1758","46_2",NA,NA,NA
"1759","47_2",NA,NA,NA
"1760","48_2",NA,NA,NA
"1761","49_2",NA,NA,NA
"1762","50_2",NA,NA,NA
"1763","51_2",NA,NA,NA
"1764","52_2",NA,NA,NA
"1765","53_2",NA,NA,NA
"1766","54_2",NA,NA,NA
"1767","55_2",NA,NA,NA
"1768","56_2",NA,NA,NA
"1769","58_2",NA,NA,NA
"1770","59_2",NA,NA,NA
"1771","61_2",NA,NA,NA
"1772","62_2",NA,NA,NA
"1773","64_2",NA,NA,NA
"1774","67_2",NA,NA,NA
"1775","69_2",NA,NA,NA
"1776","70_2",NA,NA,NA
"1777","71_2",2,27,"0"
"1778","73_2",0,42,"0"
"1779","74_2",NA,NA,NA
"1780","75_2",NA,NA,NA
"1781","76_2",0,31,"0"
"1782","77_2",NA,NA,NA
"1783","78_2",NA,NA,NA
"1784","79_2",2,33,"0"
"1785","80_2",NA,NA,NA
"1786","81_2",NA,NA,NA
"1787","82_2",NA,NA,NA
"1788","83_2",NA,NA,NA
"1789","84_2",NA,NA,NA
"1790","85_2",NA,NA,NA
"1791","86_2",NA,NA,NA
"1792","87_2",NA,NA,NA
"1793","88_2",NA,NA,NA
"1794","89_2",NA,NA,NA
"1795","90_2",NA,NA,NA
"1796","91_2",NA,NA,NA
"1797","92_2",NA,NA,NA
"1798","95_2",NA,NA,NA
"1799","96_2",NA,NA,NA
"1800","97_2",NA,NA,NA
"1801","98_2",NA,NA,NA
"1802","99_2",NA,NA,NA
"1803","103_2",NA,NA,NA
"1804","105_2",NA,NA,NA
"1805","107_2",NA,NA,NA
"1806","108_2",NA,NA,NA
"1807","109_2",NA,NA,NA
"1808","110_2",NA,NA,NA
"1809","111_2",NA,NA,NA
"1810","113_2",NA,NA,NA
"1811","114_2",NA,NA,NA
"1812","115_2",NA,NA,NA
"1813","116_2",NA,NA,NA
"1814","117_2",NA,NA,NA
"1815","118_2",NA,NA,NA
"1816","119_2",NA,NA,NA
"1817","120_2",NA,NA,NA
"1818","121_2",NA,NA,NA
"1819","122_2",3,34,"0"
"1820","123_2",NA,NA,NA
"1821","124_2",NA,NA,NA
"1822","125_2",NA,NA,NA
"1823","127_2",5,37,"0"
"1824","128_2",2,26,"0"
"1825","130_2",NA,NA,NA
"1826","131_2",NA,NA,NA
"1827","133_2",NA,NA,NA
"1828","135_2",NA,NA,NA
"1829","138_2",NA,NA,NA
"1830","140_2",NA,NA,NA
"1831","141_2",NA,NA,NA
"1832","143_2",NA,NA,NA
"1833","144_2",NA,NA,NA
"1834","145_2",NA,NA,NA
"1835","147_2",NA,NA,NA
"1836","149_2",24,46,"0"
"1837","150_2",NA,NA,NA
"1838","151_2",NA,NA,NA
"1839","152_2",NA,NA,NA
"1840","153_2",NA,NA,NA
"1841","154_2",NA,NA,NA
"1842","155_2",NA,NA,NA
"1843","156_2",NA,NA,NA
"1844","160_2",NA,NA,NA
"1845","161_2",NA,NA,NA
"1846","162_2",NA,NA,NA
"1847","163_2",NA,NA,NA
"1848","165_2",NA,NA,NA
"1849","166_2",NA,NA,NA
"1850","167_2",NA,NA,NA
"1851","168_2",NA,NA,NA
"1852","169_2",NA,NA,NA
"1853","170_2",NA,NA,NA
"1854","171_2",NA,NA,NA
"1855","172_2",NA,NA,NA
"1856","173_2",NA,NA,NA
"1857","174_2",NA,NA,NA
"1858","175_2",NA,NA,NA
"1859","176_2",NA,NA,NA
"1860","177_2",NA,NA,NA
"1861","178_2",0.5,23,"0"
"1862","179_2",NA,NA,NA
"1863","180_2",NA,NA,NA
"1864","182_2",2,18,"1"
"1865","184_2",NA,NA,NA
"1866","185_2",NA,NA,NA
"1867","187_2",NA,NA,NA
"1868","190_2",NA,NA,NA
"1869","191_2",NA,NA,NA
"1870","192_2",5,27,"0"
"1871","195_2",NA,NA,NA
"1872","197_2",7,26,"0"
"1873","199_2",20,46,"0"
"1874","200_2",NA,NA,NA
"1875","201_2",NA,NA,NA
"1876","202_2",NA,NA,NA
"1877","203_2",NA,NA,NA
"1878","204_2",4,26,"0"
"1879","205_2",2,36,"0"
"1880","206_2",NA,NA,NA
"1881","207_2",NA,NA,NA
"1882","208_2",12,21,"1"
"1883","209_2",NA,NA,NA
"1884","210_2",NA,NA,NA
"1885","211_2",7,38,"0"
"1886","212_2",NA,NA,NA
"1887","214_2",NA,NA,NA
"1888","215_2",NA,NA,NA
"1889","216_2",NA,NA,NA
"1890","217_2",NA,NA,NA
"1891","218_2",NA,NA,NA
"1892","220_2",NA,NA,NA
"1893","222_2",NA,NA,NA
"1894","223_2",NA,NA,NA
"1895","225_2",NA,NA,NA
"1896","226_2",NA,NA,NA
"1897","229_2",4,29,"0"
"1898","230_2",NA,NA,NA
"1899","232_2",NA,NA,NA
"1900","233_2",NA,NA,NA
"1901","234_2",NA,NA,NA
"1902","236_2",NA,NA,NA
"1903","237_2",NA,NA,NA
"1904","238_2",4,38,"0"
"1905","239_2",NA,NA,NA
"1906","240_2",NA,NA,NA
"1907","241_2",NA,NA,NA
"1908","242_2",NA,NA,NA
"1909","244_2",NA,NA,NA
"1910","246_2",NA,NA,NA
"1911","247_2",NA,NA,NA
"1912","250_2",NA,NA,NA
"1913","252_2",NA,NA,NA
"1914","253_2",21,32,"0"
"1915","254_2",NA,NA,NA
"1916","255_2",15,29,"0"
"1917","256_2",NA,NA,NA
"1918","257_2",15,35,"0"
"1919","258_2",15,40,"0"
"1920","259_2",NA,NA,NA
"1921","260_2",NA,NA,NA
"1922","262_2",NA,NA,NA
"1923","263_2",8,24,"0"
"1924","264_2",NA,NA,NA
"1925","265_2",NA,NA,NA
"1926","266_2",NA,NA,NA
"1927","267_2",NA,NA,NA
"1928","268_2",NA,NA,NA
"1929","269_2",NA,NA,NA
"1930","270_2",NA,NA,NA
"1931","271_2",NA,NA,NA
"1932","272_2",3,18,"1"
"1933","273_2",NA,NA,NA
"1934","276_2",NA,NA,NA
"1935","277_2",NA,NA,NA
"1936","279_2",NA,NA,NA
"1937","280_2",NA,NA,NA
"1938","282_2",NA,NA,NA
"1939","283_2",6,26,"0"
"1940","284_2",NA,NA,NA
"1941","285_2",NA,NA,NA
"1942","287_2",NA,NA,NA
"1943","289_2",15,31,"0"
"1944","290_2",NA,NA,NA
"1945","291_2",NA,NA,NA
"1946","292_2",NA,NA,NA
"1947","294_2",NA,NA,NA
"1948","295_2",5,30,"0"
"1949","296_2",NA,NA,NA
"1950","297_2",NA,NA,NA
"1951","298_2",NA,NA,NA
"1952","299_2",NA,NA,NA
"1953","300_2",1,30,"0"
"1954","302_2",NA,NA,NA
"1955","303_2",2,25,"0"
"1956","304_2",6,21,"1"
"1957","305_2",NA,NA,NA
"1958","306_2",NA,NA,NA
"1959","308_2",NA,NA,NA
"1960","309_2",3,32,"0"
"1961","310_2",NA,NA,NA
"1962","311_2",NA,NA,NA
"1963","312_2",3,25,"0"
"1964","313_2",NA,NA,NA
"1965","314_2",NA,NA,NA
"1966","316_2",NA,NA,NA
"1967","317_2",NA,NA,NA
"1968","318_2",NA,NA,NA
"1969","319_2",NA,NA,NA
"1970","321_2",NA,NA,NA
"1971","324_2",NA,NA,NA
"1972","325_2",7,48,"0"
"1973","327_2",NA,NA,NA
"1974","328_2",NA,NA,NA
"1975","329_2",NA,NA,NA
"1976","330_2",NA,NA,NA
"1977","331_2",NA,NA,NA
"1978","332_2",NA,NA,NA
"1979","333_2",NA,NA,NA
"1980","334_2",NA,NA,NA
"1981","335_2",NA,NA,NA
"1982","336_2",NA,NA,NA
"1983","338_2",NA,NA,NA
"1984","339_2",NA,NA,NA
"1985","340_2",NA,NA,NA
"1986","341_2",NA,NA,NA
"1987","342_2",NA,NA,NA
"1988","343_2",NA,NA,NA
"1989","344_2",8,45,"0"
"1990","345_2",2,20,"1"
"1991","346_2",NA,NA,NA
"1992","347_2",7,37,"0"
"1993","349_2",NA,NA,NA
"1994","350_2",NA,NA,NA
"1995","351_2",NA,NA,NA
"1996","352_2",NA,NA,NA
"1997","354_2",6,24,"0"
"1998","355_2",NA,NA,NA
"1999","356_2",NA,NA,NA
"2000","357_2",NA,NA,NA
"2001","358_2",NA,NA,NA
"2002","359_2",NA,NA,NA
"2003","360_2",5,21,"1"
"2004","361_2",NA,NA,NA
"2005","362_2",NA,NA,NA
"2006","364_2",NA,NA,NA
"2007","365_2",NA,NA,NA
"2008","367_2",NA,NA,NA
"2009","369_2",NA,NA,NA
"2010","370_2",NA,NA,NA
"2011","371_2",NA,NA,NA
"2012","372_2",NA,NA,NA
"2013","373_2",NA,NA,NA
"2014","374_2",NA,NA,NA
"2015","375_2",NA,NA,NA
"2016","376_2",NA,NA,NA
"2017","378_2",NA,NA,NA
"2018","379_2",NA,NA,NA
"2019","381_2",NA,NA,NA
"2020","384_2",10,35,"0"
"2021","385_2",NA,NA,NA
"2022","386_2",NA,NA,NA
"2023","387_2",NA,NA,NA
"2024","388_2",NA,NA,NA
"2025","389_2",NA,NA,NA
"2026","390_2",NA,NA,NA
"2027","391_2",NA,NA,NA
"2028","392_2",NA,NA,NA
"2029","393_2",NA,NA,NA
"2030","395_2",NA,NA,NA
"2031","397_2",0,27,"0"
"2032","399_2",NA,NA,NA
"2033","400_2",1,31,"0"
"2034","401_2",NA,NA,NA
"2035","402_2",NA,NA,NA
"2036","405_2",NA,NA,NA
"2037","406_2",NA,NA,NA
"2038","408_2",NA,NA,NA
"2039","409_2",NA,NA,NA
"2040","410_2",NA,NA,NA
"2041","411_2",NA,NA,NA
"2042","412_2",NA,NA,NA
"2043","413_2",NA,NA,NA
"2044","414_2",NA,NA,NA
"2045","415_2",NA,NA,NA
"2046","416_2",NA,NA,NA
"2047","417_2",NA,NA,NA
"2048","418_2",NA,NA,NA
"2049","419_2",NA,NA,NA
"2050","420_2",NA,NA,NA
"2051","421_2",NA,NA,NA
"2052","426_2",NA,NA,NA
"2053","428_2",NA,NA,NA
"2054","432_2",NA,NA,NA
"2055","433_2",NA,NA,NA
"2056","434_2",NA,NA,NA
"2057","435_2",NA,NA,NA
"2058","436_2",NA,NA,NA
"2059","437_2",NA,NA,NA
"2060","438_2",NA,NA,NA
"2061","439_2",NA,NA,NA
"2062","440_2",NA,NA,NA
"2063","441_2",NA,NA,NA
"2064","443_2",NA,NA,NA
"2065","444_2",10,35,"0"
"2066","445_2",2,25,"0"
"2067","446_2",NA,NA,NA
"2068","447_2",NA,NA,NA
"2069","448_2",NA,NA,NA
"2070","450_2",NA,NA,NA
"2071","451_2",NA,NA,NA
"2072","452_2",NA,NA,NA
"2073","453_2",NA,NA,NA
"2074","455_2",NA,NA,NA
"2075","456_2",NA,NA,NA
"2076","457_2",NA,NA,NA
"2077","458_2",NA,NA,NA
"2078","459_2",NA,NA,NA
"2079","460_2",NA,NA,NA
"2080","461_2",NA,NA,NA
"2081","462_2",NA,NA,NA
"2082","463_2",2,45,"0"
"2083","464_2",NA,NA,NA
"2084","465_2",NA,NA,NA
"2085","466_2",NA,NA,NA
"2086","467_2",NA,NA,NA
"2087","468_2",NA,NA,NA
"2088","469_2",NA,NA,NA
"2089","470_2",NA,NA,NA
"2090","471_2",NA,NA,NA
"2091","472_2",NA,NA,NA
"2092","475_2",NA,NA,NA
"2093","478_2",NA,NA,NA
"2094","479_2",NA,NA,NA
"2095","481_2",NA,NA,NA
"2096","483_2",NA,NA,NA
"2097","485_2",NA,NA,NA
"2098","487_2",NA,NA,NA
"2099","489_2",NA,NA,NA
"2100","490_2",NA,NA,NA
"2101","491_2",NA,NA,NA
"2102","492_2",NA,NA,NA
"2103","494_2",NA,NA,NA
"2104","497_2",NA,NA,NA
"2105","498_2",NA,NA,NA
"2106","499_2",NA,NA,NA
"2107","500_2",NA,NA,NA
"2108","501_2",NA,NA,NA
"2109","502_2",NA,NA,NA
"2110","503_2",NA,NA,NA
"2111","504_2",NA,NA,NA
"2112","505_2",NA,NA,NA
"2113","506_2",NA,NA,NA
"2114","509_2",NA,NA,NA
"2115","511_2",NA,NA,NA
"2116","512_2",1,25,"0"
"2117","513_2",NA,NA,NA
"2118","514_2",NA,NA,NA
"2119","516_2",6,36,"0"
"2120","517_2",NA,NA,NA
"2121","518_2",NA,NA,NA
"2122","519_2",NA,NA,NA
"2123","521_2",NA,NA,NA
"2124","522_2",NA,NA,NA
"2125","523_2",NA,NA,NA
"2126","524_2",NA,NA,NA
"2127","525_2",NA,NA,NA
"2128","526_2",NA,NA,NA
"2129","527_2",NA,NA,NA
"2130","528_2",NA,NA,NA
"2131","529_2",NA,NA,NA
"2132","530_2",NA,NA,NA
"2133","531_2",NA,NA,NA
"2134","532_2",2,42,"0"
"2135","533_2",NA,NA,NA
"2136","535_2",NA,NA,NA
"2137","537_2",NA,NA,NA
"2138","538_2",NA,NA,NA
"2139","539_2",NA,NA,NA
"2140","540_2",NA,NA,NA
"2141","541_2",NA,NA,NA
"2142","542_2",NA,NA,NA
"2143","543_2",NA,NA,NA
"2144","544_2",NA,NA,NA
"2145","545_2",NA,NA,NA
"2146","546_2",1,30,"0"
"2147","547_2",0,18,"1"
"2148","548_2",NA,NA,NA
"2149","549_2",NA,NA,NA
"2150","550_2",NA,NA,NA
"2151","551_2",10,27,"0"
"2152","552_2",NA,NA,NA
"2153","554_2",2,37,"0"
"2154","555_2",NA,NA,NA
"2155","557_2",NA,NA,NA
"2156","558_2",NA,NA,NA
"2157","559_2",NA,NA,NA
"2158","561_2",NA,NA,NA
"2159","562_2",NA,NA,NA
"2160","563_2",NA,NA,NA
"2161","564_2",NA,NA,NA
"2162","565_2",NA,NA,NA
"2163","566_2",12,32,"0"
"2164","567_2",NA,NA,NA
"2165","568_2",NA,NA,NA
"2166","569_2",NA,NA,NA
"2167","570_2",NA,NA,NA
"2168","571_2",NA,NA,NA
"2169","572_2",1,29,"0"
"2170","573_2",NA,NA,NA
"2171","574_2",NA,NA,NA
"2172","575_2",NA,NA,NA
"2173","576_2",NA,NA,NA
"2174","579_2",NA,NA,NA
"2175","580_2",NA,NA,NA
"2176","581_2",NA,NA,NA
"2177","586_2",3,23,"0"
"2178","587_2",NA,NA,NA
"2179","588_2",NA,NA,NA
"2180","589_2",NA,NA,NA
"2181","590_2",NA,NA,NA
"2182","591_2",NA,NA,NA
"2183","592_2",NA,NA,NA
"2184","594_2",NA,NA,NA
"2185","596_2",NA,NA,NA
"2186","597_2",6,22,"1"
"2187","598_2",10,34,"0"
"2188","599_2",NA,NA,NA
"2189","600_2",8,24,"0"
"2190","602_2",NA,NA,NA
"2191","604_2",NA,NA,NA
"2192","605_2",NA,NA,NA
"2193","606_2",NA,NA,NA
"2194","607_2",NA,NA,NA
"2195","608_2",NA,NA,NA
"2196","611_2",NA,NA,NA
"2197","612_2",NA,NA,NA
"2198","613_2",NA,NA,NA
"2199","614_2",NA,NA,NA
"2200","615_2",NA,NA,NA
"2201","616_2",3,30,"0"
"2202","617_2",NA,NA,NA
"2203","618_2",NA,NA,NA
"2204","619_2",NA,NA,NA
"2205","620_2",NA,NA,NA
"2206","622_2",NA,NA,NA
"2207","623_2",NA,NA,NA
"2208","624_2",NA,NA,NA
"2209","625_2",NA,NA,NA
"2210","626_2",NA,NA,NA
"2211","627_2",NA,NA,NA
"2212","628_2",NA,NA,NA
"2213","630_2",NA,NA,NA
"2214","631_2",4,19,"1"
"2215","632_2",NA,NA,NA
"2216","634_2",NA,NA,NA
"2217","635_2",10,38,"0"
"2218","638_2",NA,NA,NA
"2219","639_2",NA,NA,NA
"2220","640_2",3,32,"0"
"2221","641_2",NA,NA,NA
"2222","643_2",NA,NA,NA
"2223","644_2",NA,NA,NA
"2224","646_2",4,21,"1"
"2225","647_2",NA,NA,NA
"2226","649_2",NA,NA,NA
"2227","650_2",NA,NA,NA
"2228","652_2",NA,NA,NA
"2229","654_2",NA,NA,NA
"2230","655_2",NA,NA,NA
"2231","656_2",NA,NA,NA
"2232","657_2",NA,NA,NA
"2233","659_2",NA,NA,NA
"2234","660_2",NA,NA,NA
"2235","662_2",NA,NA,NA
"2236","665_2",NA,NA,NA
"2237","666_2",NA,NA,NA
"2238","667_2",1,21,"1"
"2239","676_2",NA,NA,NA
"2240","679_2",NA,NA,NA
"2241","681_2",NA,NA,NA
"2242","682_2",NA,NA,NA
"2243","684_2",NA,NA,NA
"2244","685_2",NA,NA,NA
"2245","687_2",3,25,"0"
"2246","690_2",NA,NA,NA
"2247","692_2",NA,NA,NA
"2248","693_2",NA,NA,NA
"2249","694_2",NA,NA,NA
"2250","695_2",2,30,"0"
"2251","696_2",NA,NA,NA
"2252","697_2",NA,NA,NA
"2253","698_2",NA,NA,NA
"2254","700_2",NA,NA,NA
"2255","701_2",1,23,"0"
"2256","702_2",NA,NA,NA
"2257","703_2",NA,NA,NA
"2258","704_2",NA,NA,NA
"2259","705_2",NA,NA,NA
"2260","706_2",NA,NA,NA
"2261","707_2",NA,NA,NA
"2262","708_2",1,28,"0"
"2263","710_2",NA,NA,NA
"2264","711_2",NA,NA,NA
"2265","712_2",NA,NA,NA
"2266","714_2",NA,NA,NA
"2267","716_2",4,22,"1"
"2268","717_2",NA,NA,NA
"2269","718_2",NA,NA,NA
"2270","720_2",NA,NA,NA
"2271","721_2",NA,NA,NA
"2272","722_2",NA,NA,NA
"2273","723_2",NA,NA,NA
"2274","724_2",NA,NA,NA
"2275","725_2",NA,NA,NA
"2276","726_2",NA,NA,NA
"2277","727_2",NA,NA,NA
"2278","729_2",NA,NA,NA
"2279","731_2",NA,NA,NA
"2280","733_2",0,20,"1"
"2281","734_2",NA,NA,NA
"2282","735_2",7,28,"0"
"2283","736_2",NA,NA,NA
"2284","737_2",NA,NA,NA
"2285","739_2",NA,NA,NA
"2286","740_2",NA,NA,NA
"2287","741_2",NA,NA,NA
"2288","743_2",NA,NA,NA
"2289","744_2",NA,NA,NA
"2290","745_2",NA,NA,NA
"2291","748_2",NA,NA,NA
"2292","749_2",NA,NA,NA
"2293","750_2",NA,NA,NA
"2294","751_2",NA,NA,NA
"2295","753_2",15,32,"0"
"2296","754_2",1,26,"0"
"2297","755_2",NA,NA,NA
"2298","756_2",NA,NA,NA
"2299","757_2",NA,NA,NA
"2300","758_2",NA,NA,NA
"2301","760_2",NA,NA,NA
"2302","761_2",NA,NA,NA
"2303","762_2",NA,NA,NA
"2304","763_2",NA,NA,NA
"2305","764_2",NA,NA,NA
"2306","765_2",NA,NA,NA
"2307","766_2",1,24,"0"
"2308","767_2",NA,NA,NA
"2309","768_2",NA,NA,NA
"2310","770_2",1,21,"1"
"2311","771_2",NA,NA,NA
"2312","772_2",NA,NA,NA
"2313","773_2",NA,NA,NA
"2314","774_2",NA,NA,NA
"2315","775_2",NA,NA,NA
"2316","776_2",NA,NA,NA
"2317","777_2",NA,NA,NA
"2318","778_2",NA,NA,NA
"2319","780_2",NA,NA,NA
"2320","784_2",NA,NA,NA
"2321","785_2",NA,NA,NA
"2322","786_2",NA,NA,NA
"2323","787_2",NA,NA,NA
"2324","788_2",NA,NA,NA
"2325","789_2",NA,NA,NA
"2326","793_2",NA,NA,NA
"2327","794_2",NA,NA,NA
"2328","795_2",NA,NA,NA
"2329","799_2",NA,NA,NA
"2330","800_2",NA,NA,NA
"2331","801_2",NA,NA,NA
"2332","802_2",NA,NA,NA
"2333","803_2",NA,NA,NA
"2334","805_2",NA,NA,NA
"2335","807_2",NA,NA,NA
"2336","809_2",NA,NA,NA
"2337","810_2",NA,NA,NA
"2338","812_2",NA,NA,NA
"2339","813_2",NA,NA,NA
"2340","814_2",NA,NA,NA
"2341","815_2",NA,NA,NA
"2342","816_2",NA,NA,NA
"2343","817_2",NA,NA,NA
"2344","819_2",NA,NA,NA
"2345","820_2",NA,NA,NA
"2346","822_2",NA,NA,NA
"2347","823_2",NA,NA,NA
"2348","824_2",1,30,"0"
"2349","825_2",NA,NA,NA
"2350","826_2",NA,NA,NA
"2351","827_2",NA,NA,NA
"2352","828_2",NA,NA,NA
"2353","829_2",NA,NA,NA
"2354","830_2",NA,NA,NA
"2355","832_2",NA,NA,NA
"2356","833_2",1,43,"0"
"2357","834_2",NA,NA,NA
"2358","836_2",NA,NA,NA
"2359","838_2",NA,NA,NA
"2360","839_2",NA,NA,NA
"2361","840_2",NA,NA,NA
"2362","841_2",NA,NA,NA
"2363","842_2",NA,NA,NA
"2364","843_2",NA,NA,NA
"2365","844_2",NA,NA,NA
"2366","845_2",NA,NA,NA
"2367","848_2",NA,NA,NA
"2368","852_2",NA,NA,NA
"2369","853_2",NA,NA,NA
"2370","854_2",NA,NA,NA
"2371","855_2",NA,NA,NA
"2372","856_2",NA,NA,NA
"2373","857_2",NA,NA,NA
"2374","858_2",NA,NA,NA
"2375","859_2",NA,NA,NA
"2376","860_2",NA,NA,NA
"2377","861_2",NA,NA,NA
"2378","863_2",NA,NA,NA
"2379","865_2",10,28,"0"
"2380","866_2",NA,NA,NA
"2381","867_2",NA,NA,NA
"2382","868_2",NA,NA,NA
"2383","869_2",NA,NA,NA
"2384","871_2",NA,NA,NA
"2385","872_2",NA,NA,NA
"2386","874_2",NA,NA,NA
"2387","875_2",NA,NA,NA
"2388","876_2",5,25,"0"
"2389","878_2",NA,NA,NA
"2390","879_2",NA,NA,NA
"2391","880_2",NA,NA,NA
"2392","883_2",NA,NA,NA
"2393","885_2",NA,NA,NA
"2394","886_2",NA,NA,NA
"2395","889_2",0,34,"0"
"2396","891_2",NA,NA,NA
"2397","893_2",3,19,"1"
"2398","894_2",NA,NA,NA
"2399","895_2",NA,NA,NA
"2400","896_2",NA,NA,NA
"2401","897_2",NA,NA,NA
"2402","898_2",NA,NA,NA
"2403","900_2",NA,NA,NA
"2404","901_2",NA,NA,NA
"2405","902_2",NA,NA,NA
"2406","903_2",NA,NA,NA
"2407","904_2",NA,NA,NA
"2408","905_2",NA,NA,NA
"2409","906_2",1.5,25,"0"
"2410","910_2",1,28,"0"
"2411","911_2",NA,NA,NA
"2412","912_2",NA,NA,NA
"2413","913_2",NA,NA,NA
"2414","914_2",1,41,"0"
"2415","915_2",NA,NA,NA
"2416","916_2",NA,NA,NA
"2417","917_2",NA,NA,NA
"2418","918_2",0,22,"1"
"2419","919_2",NA,NA,NA
"2420","920_2",NA,NA,NA
"2421","921_2",NA,NA,NA
"2422","922_2",NA,NA,NA
"2423","923_2",NA,NA,NA
"2424","924_2",NA,NA,NA
"2425","925_2",5,30,"0"
"2426","926_2",NA,NA,NA
"2427","927_2",NA,NA,NA
"2428","928_2",NA,NA,NA
"2429","929_2",NA,NA,NA
"2430","930_2",12,51,"0"
"2431","932_2",NA,NA,NA
"2432","933_2",NA,NA,NA
"2433","934_2",NA,NA,NA
"2434","935_2",NA,NA,NA
"2435","936_2",0,11,"1"
"2436","937_2",NA,NA,NA
"2437","938_2",NA,NA,NA
"2438","942_2",NA,NA,NA
"2439","944_2",NA,NA,NA
"2440","946_2",1,35,"0"
"2441","948_2",NA,NA,NA
"2442","949_2",NA,NA,NA
"2443","950_2",NA,NA,NA
"2444","951_2",NA,NA,NA
"2445","952_2",NA,NA,NA
"2446","953_2",NA,NA,NA
"2447","955_2",NA,NA,NA
"2448","957_2",NA,NA,NA
"2449","958_2",NA,NA,NA
"2450","959_2",NA,NA,NA
"2451","961_2",NA,NA,NA
"2452","962_2",NA,NA,NA
"2453","965_2",NA,NA,NA
"2454","966_2",NA,NA,NA
"2455","967_2",NA,NA,NA
"2456","969_2",NA,NA,NA
"2457","970_2",NA,NA,NA
"2458","971_2",NA,NA,NA
"2459","972_2",NA,NA,NA
"2460","973_2",NA,NA,NA
"2461","974_2",NA,NA,NA
"2462","975_2",NA,NA,NA
"2463","977_2",NA,NA,NA
"2464","978_2",NA,NA,NA
"2465","979_2",NA,NA,NA
"2466","980_2",NA,NA,NA
"2467","981_2",NA,NA,NA
"2468","982_2",NA,NA,NA
"2469","984_2",NA,NA,NA
"2470","987_2",NA,NA,NA
"2471","989_2",NA,NA,NA
"2472","990_2",NA,NA,NA
"2473","991_2",NA,NA,NA
"2474","993_2",NA,NA,NA
"2475","996_2",NA,NA,NA
"2476","997_2",NA,NA,NA
"2477","998_2",NA,NA,NA
"2478","999_2",NA,NA,NA
"2479","1000_2",NA,NA,NA
"2480","1001_2",NA,NA,NA
"2481","1002_2",NA,NA,NA
"2482","1003_2",NA,NA,NA
"2483","1004_2",NA,NA,NA
"2484","1005_2",NA,NA,NA
"2485","1006_2",NA,NA,NA
"2486","1007_2",NA,NA,NA
"2487","1009_2",NA,NA,NA
"2488","1010_2",NA,NA,NA
"2489","1011_2",NA,NA,NA
"2490","1013_2",NA,NA,NA
"2491","1014_2",20,67,"0"
"2492","1015_2",NA,NA,NA
"2493","1016_2",NA,NA,NA
"2494","1019_2",NA,NA,NA
"2495","1020_2",NA,NA,NA
"2496","1022_2",NA,NA,NA
"2497","1023_2",NA,NA,NA
"2498","1024_2",NA,NA,NA
"2499","1025_2",NA,NA,NA
"2500","1026_2",NA,NA,NA
"2501","1027_2",NA,NA,NA
"2502","1035_2",NA,NA,NA
"2503","1036_2",NA,NA,NA
"2504","1037_2",NA,NA,NA
"2505","1038_2",NA,NA,NA
"2506","1039_2",1,21,"1"
"2507","1040_2",NA,NA,NA
"2508","1041_2",3,34,"0"
"2509","1042_2",NA,NA,NA
"2510","1043_2",NA,NA,NA
"2511","1044_2",NA,NA,NA
"2512","1046_2",NA,NA,NA
"2513","1047_2",NA,NA,NA
"2514","1048_2",NA,NA,NA
"2515","1049_2",NA,NA,NA
"2516","1050_2",NA,NA,NA
"2517","1051_2",NA,NA,NA
"2518","1052_2",NA,NA,NA
"2519","1053_2",NA,NA,NA
"2520","1055_2",NA,NA,NA
"2521","1056_2",NA,NA,NA
"2522","1057_2",NA,NA,NA
"2523","1058_2",NA,NA,NA
"2524","1059_2",NA,NA,NA
"2525","1060_2",NA,NA,NA
"2526","1062_2",NA,NA,NA
"2527","1063_2",NA,NA,NA
"2528","1064_2",NA,NA,NA
"2529","1066_2",NA,NA,NA
"2530","1068_2",NA,NA,NA
"2531","1069_2",NA,NA,NA
"2532","1072_2",4,30,"0"
"2533","1073_2",NA,NA,NA
"2534","1074_2",NA,NA,NA
"2535","1076_2",NA,NA,NA
"2536","1077_2",NA,NA,NA
"2537","1078_2",NA,NA,NA
"2538","1079_2",1.5,25,"0"
"2539","1080_2",NA,NA,NA
"2540","1081_2",NA,NA,NA
"2541","1082_2",NA,NA,NA
"2542","1084_2",NA,NA,NA
"2543","1085_2",NA,NA,NA
"2544","1087_2",NA,NA,NA
"2545","1088_2",NA,NA,NA
"2546","1089_2",8,32,"0"
"2547","1090_2",NA,NA,NA
"2548","1091_2",3.5,21,"1"
"2549","1093_2",1,51,"0"
"2550","1094_2",NA,NA,NA
"2551","1095_2",NA,NA,NA
"2552","1096_2",NA,NA,NA
"2553","1097_2",NA,NA,NA
"2554","1099_2",NA,NA,NA
"2555","1101_2",NA,NA,NA
"2556","1102_2",NA,NA,NA
"2557","1103_2",NA,NA,NA
"2558","1104_2",NA,NA,NA
"2559","1105_2",NA,NA,NA
"2560","1107_2",NA,NA,NA
"2561","1108_2",NA,NA,NA
"2562","1109_2",NA,NA,NA
"2563","1110_2",NA,NA,NA
"2564","1111_2",NA,NA,NA
"2565","1112_2",NA,NA,NA
"2566","1113_2",NA,NA,NA
"2567","1114_2",NA,NA,NA
"2568","1115_2",NA,NA,NA
"2569","1117_2",NA,NA,NA
"2570","1118_2",NA,NA,NA
"2571","1119_2",NA,NA,NA
"2572","1120_2",1,22,"1"
"2573","1121_2",NA,NA,NA
"2574","1122_2",NA,NA,NA
"2575","1123_2",NA,NA,NA
"2576","1124_2",NA,NA,NA
"2577","1126_2",NA,NA,NA
"2578","1129_2",NA,NA,NA
"2579","1131_2",NA,NA,NA
"2580","1132_2",NA,NA,NA
"2581","1133_2",NA,NA,NA
"2582","1134_2",NA,NA,NA
"2583","1135_2",1,21,"1"
"2584","1136_2",NA,NA,NA
"2585","1137_2",3,27,"0"
"2586","1139_2",NA,NA,NA
"2587","1140_2",NA,NA,NA
"2588","1141_2",NA,NA,NA
"2589","1142_2",4,20,"1"
"2590","1145_2",NA,NA,NA
"2591","1146_2",NA,NA,NA
"2592","1147_2",NA,NA,NA
"2593","1148_2",NA,NA,NA
"2594","1149_2",NA,NA,NA
"2595","1150_2",NA,NA,NA
"2596","1152_2",NA,NA,NA
"2597","1154_2",NA,NA,NA
"2598","1155_2",NA,NA,NA
"2599","1156_2",NA,NA,NA
"2600","1157_2",NA,NA,NA
"2601","1158_2",NA,NA,NA
"2602","1160_2",NA,NA,NA
"2603","1161_2",NA,NA,NA
"2604","1163_2",NA,NA,NA
"2605","1164_2",NA,NA,NA
"2606","1165_2",NA,NA,NA
"2607","1166_2",NA,NA,NA
"2608","1167_2",3,27,"0"
"2609","1168_2",4,28,"0"
"2610","1169_2",NA,NA,NA
"2611","1170_2",NA,NA,NA
"2612","1171_2",NA,NA,NA
"2613","1172_2",NA,NA,NA
"2614","1173_2",NA,NA,NA
"2615","1174_2",NA,NA,NA
"2616","1177_2",NA,NA,NA
"2617","1178_2",NA,NA,NA
"2618","1181_2",NA,NA,NA
"2619","1182_2",NA,NA,NA
"2620","1183_2",NA,NA,NA
"2621","1184_2",NA,NA,NA
"2622","1185_2",NA,NA,NA
"2623","1186_2",NA,NA,NA
"2624","1187_2",NA,NA,NA
"2625","1188_2",NA,NA,NA
"2626","1189_2",NA,NA,NA
"2627","1191_2",NA,NA,NA
"2628","1192_2",NA,NA,NA
"2629","1193_2",1,29,"0"
"2630","1195_2",NA,NA,NA
"2631","1196_2",NA,NA,NA
"2632","1197_2",NA,NA,NA
"2633","1199_2",NA,NA,NA
"2634","1202_2",NA,NA,NA
"2635","1203_2",NA,NA,NA
"2636","1205_2",NA,NA,NA
"2637","1208_2",4,21,"1"
"2638","1209_2",NA,NA,NA
"2639","1210_2",NA,NA,NA
"2640","1213_2",NA,NA,NA
"2641","1216_2",NA,NA,NA
"2642","1220_2",NA,NA,NA
"2643","1221_2",NA,NA,NA
"2644","1222_2",NA,NA,NA
"2645","1223_2",NA,NA,NA
"2646","1225_2",NA,NA,NA
"2647","1226_2",NA,NA,NA
"2648","1228_2",NA,NA,NA
"2649","1229_2",0,27,"0"
"2650","1230_2",8,29,"0"
"2651","1231_2",10,40,"0"
"2652","1232_2",NA,NA,NA
"2653","1233_2",1,19,"1"
"2654","1234_2",5,36,"0"
"2655","1235_2",NA,NA,NA
"2656","1236_2",2,22,"1"
"2657","1237_2",NA,NA,NA
"2658","1238_2",2,24,"0"
"2659","1239_2",NA,NA,NA
"2660","1240_2",NA,NA,NA
"2661","1241_2",NA,NA,NA
"2662","1242_2",NA,NA,NA
"2663","1243_2",NA,NA,NA
"2664","1244_2",NA,NA,NA
"2665","1245_2",NA,NA,NA
"2666","1247_2",NA,NA,NA
"2667","1249_2",NA,NA,NA
"2668","1250_2",NA,NA,NA
"2669","1251_2",NA,NA,NA
"2670","1252_2",NA,NA,NA
"2671","1254_2",NA,NA,NA
"2672","1256_2",NA,NA,NA
"2673","1257_2",1,22,"1"
"2674","1258_2",NA,NA,NA
"2675","1259_2",NA,NA,NA
"2676","1260_2",NA,NA,NA
"2677","1261_2",NA,NA,NA
"2678","1262_2",NA,NA,NA
"2679","1263_2",NA,NA,NA
"2680","1264_2",NA,NA,NA
"2681","1265_2",NA,NA,NA
"2682","1266_2",NA,NA,NA
"2683","1267_2",NA,NA,NA
"2684","1268_2",1,20,"1"
"2685","1269_2",NA,NA,NA
"2686","1270_2",NA,NA,NA
"2687","1271_2",NA,NA,NA
"2688","1272_2",NA,NA,NA
"2689","1273_2",NA,NA,NA
"2690","1274_2",NA,NA,NA
"2691","1275_2",NA,NA,NA
"2692","1276_2",NA,NA,NA
"2693","1277_2",NA,NA,NA
"2694","1278_2",NA,NA,NA
"2695","1279_2",16,29,"0"
"2696","1280_2",NA,NA,NA
"2697","1282_2",NA,NA,NA
"2698","1283_2",NA,NA,NA
"2699","1284_2",NA,NA,NA
"2700","1285_2",NA,NA,NA
"2701","1286_2",NA,NA,NA
"2702","1287_2",5,24,"0"
"2703","1288_2",NA,NA,NA
"2704","1289_2",NA,NA,NA
"2705","1293_2",7,27,"0"
"2706","1294_2",NA,NA,NA
"2707","1295_2",NA,NA,NA
"2708","1296_2",NA,NA,NA
"2709","1297_2",NA,NA,NA
"2710","1298_2",5,28,"0"
"2711","1299_2",10,40,"0"
"2712","1300_2",NA,NA,NA
"2713","1302_2",NA,NA,NA
"2714","1303_2",NA,NA,NA
"2715","1306_2",NA,NA,NA
"2716","1307_2",NA,NA,NA
"2717","1308_2",2,23,"0"
"2718","1309_2",NA,NA,NA
"2719","1310_2",NA,NA,NA
"2720","1311_2",NA,NA,NA
"2721","1312_2",NA,NA,NA
"2722","1313_2",NA,NA,NA
"2723","1314_2",0,26,"0"
"2724","1315_2",NA,NA,NA
"2725","1316_2",6,26,"0"
"2726","1317_2",NA,NA,NA
"2727","1318_2",NA,NA,NA
"2728","1319_2",NA,NA,NA
"2729","1320_2",NA,NA,NA
"2730","1321_2",NA,NA,NA
"2731","1322_2",NA,NA,NA
"2732","1323_2",NA,NA,NA
"2733","1324_2",NA,NA,NA
"2734","1325_2",NA,NA,NA
"2735","1326_2",NA,NA,NA
"2736","1328_2",NA,NA,NA
"2737","1329_2",1,48,"0"
"2738","1330_2",NA,NA,NA
"2739","1331_2",NA,NA,NA
"2740","1332_2",NA,NA,NA
"2741","1333_2",NA,NA,NA
"2742","1334_2",NA,NA,NA
"2743","1335_2",NA,NA,NA
"2744","1337_2",NA,NA,NA
"2745","1338_2",NA,NA,NA
"2746","1339_2",NA,NA,NA
"2747","1340_2",NA,NA,NA
"2748","1343_2",NA,NA,NA
"2749","1345_2",NA,NA,NA
"2750","1346_2",NA,NA,NA
"2751","1347_2",NA,NA,NA
"2752","1348_2",NA,NA,NA
"2753","1349_2",NA,NA,NA
"2754","1351_2",NA,NA,NA
"2755","1352_2",NA,NA,NA
"2756","1355_2",NA,NA,NA
"2757","1356_2",NA,NA,NA
"2758","1358_2",NA,NA,NA
"2759","1359_2",NA,NA,NA
"2760","1360_2",NA,NA,NA
"2761","1361_2",NA,NA,NA
"2762","1362_2",NA,NA,NA
"2763","1364_2",NA,NA,NA
"2764","1366_2",3,18,"1"
"2765","1367_2",NA,NA,NA
"2766","1368_2",NA,NA,NA
"2767","1369_2",1,28,"0"
"2768","1370_2",NA,NA,NA
"2769","1371_2",NA,NA,NA
"2770","1375_2",NA,NA,NA
"2771","1376_2",NA,NA,NA
"2772","1377_2",NA,NA,NA
"2773","1379_2",NA,NA,NA
"2774","1380_2",NA,NA,NA
"2775","1381_2",NA,NA,NA
"2776","1382_2",NA,NA,NA
"2777","1383_2",3,35,"0"
"2778","1385_2",NA,NA,NA
"2779","1386_2",NA,NA,NA
"2780","1387_2",NA,NA,NA
"2781","1388_2",NA,NA,NA
"2782","1393_2",NA,NA,NA
"2783","1395_2",NA,NA,NA
"2784","1397_2",NA,NA,NA
"2785","1398_2",NA,NA,NA
"2786","1399_2",NA,NA,NA
"2787","1400_2",NA,NA,NA
"2788","1401_2",NA,NA,NA
"2789","1402_2",NA,NA,NA
"2790","1405_2",NA,NA,NA
"2791","1406_2",NA,NA,NA
"2792","1407_2",NA,NA,NA
"2793","1408_2",NA,NA,NA
"2794","1410_2",NA,NA,NA
"2795","1411_2",NA,NA,NA
"2796","1413_2",7,25,"0"
"2797","1414_2",NA,NA,NA
"2798","1416_2",NA,NA,NA
"2799","1417_2",NA,NA,NA
"2800","1419_2",NA,NA,NA
"2801","1420_2",NA,NA,NA
"2802","1423_2",NA,NA,NA
"2803","1424_2",NA,NA,NA
"2804","1426_2",NA,NA,NA
"2805","1427_2",NA,NA,NA
"2806","1428_2",NA,NA,NA
"2807","1429_2",6,32,"0"
"2808","1430_2",NA,NA,NA
"2809","1431_2",NA,NA,NA
"2810","1433_2",NA,NA,NA
"2811","1435_2",NA,NA,NA
"2812","1436_2",NA,NA,NA
"2813","1438_2",NA,NA,NA
"2814","1439_2",NA,NA,NA
"2815","1440_2",NA,NA,NA
"2816","1442_2",10,50,"0"
"2817","1443_2",NA,NA,NA
"2818","1444_2",NA,NA,NA
"2819","1445_2",NA,NA,NA
"2820","1446_2",NA,NA,NA
"2821","1447_2",NA,NA,NA
"2822","1448_2",NA,NA,NA
"2823","1449_2",NA,NA,NA
"2824","1452_2",3,28,"0"
"2825","1453_2",NA,NA,NA
"2826","1454_2",NA,NA,NA
"2827","1455_2",NA,NA,NA
"2828","1456_2",NA,NA,NA
"2829","1457_2",NA,NA,NA
"2830","1458_2",NA,NA,NA
"2831","1462_2",2,26,"0"
"2832","1463_2",NA,NA,NA
"2833","1464_2",NA,NA,NA
"2834","1465_2",NA,NA,NA
"2835","1466_2",NA,NA,NA
"2836","1467_2",2,32,"0"
"2837","1468_2",NA,NA,NA
"2838","1471_2",NA,NA,NA
"2839","1472_2",NA,NA,NA
"2840","1473_2",NA,NA,NA
"2841","1474_2",NA,NA,NA
"2842","1475_2",NA,NA,NA
"2843","1476_2",NA,NA,NA
"2844","1477_2",NA,NA,NA
"2845","1478_2",NA,NA,NA
"2846","1479_2",NA,NA,NA
"2847","1480_2",NA,NA,NA
"2848","1481_2",NA,NA,NA
"2849","1484_2",NA,NA,NA
"2850","1485_2",NA,NA,NA
"2851","1486_2",NA,NA,NA
"2852","1487_2",NA,NA,NA
"2853","1488_2",NA,NA,NA
"2854","1489_2",NA,NA,NA
"2855","1490_2",NA,NA,NA
"2856","1491_2",2,19,"1"
"2857","1493_2",NA,NA,NA
"2858","1494_2",NA,NA,NA
"2859","1496_2",NA,NA,NA
"2860","1498_2",NA,NA,NA
"2861","1499_2",1,23,"0"
"2862","1500_2",NA,NA,NA
"2863","1502_2",NA,NA,NA
"2864","1503_2",NA,NA,NA
"2865","1504_2",NA,NA,NA
"2866","1505_2",NA,NA,NA
"2867","1506_2",1,28,"0"
"2868","1507_2",NA,NA,NA
"2869","1508_2",NA,NA,NA
"2870","1509_2",NA,NA,NA
"2871","1510_2",NA,NA,NA
"2872","1511_2",NA,NA,NA
"2873","1512_2",NA,NA,NA
"2874","1515_2",NA,NA,NA
"2875","1516_2",1,28,"0"
"2876","1517_2",2,24,"0"
"2877","1518_2",NA,NA,NA
"2878","1519_2",NA,NA,NA
"2879","1520_2",NA,NA,NA
"2880","1521_2",NA,NA,NA
"2881","1523_2",NA,NA,NA
"2882","1524_2",NA,NA,NA
"2883","1525_2",NA,NA,NA
"2884","1526_2",NA,NA,NA
"2885","1527_2",NA,NA,NA
"2886","1528_2",NA,NA,NA
"2887","1529_2",NA,NA,NA
"2888","1530_2",NA,NA,NA
"2889","1531_2",NA,NA,NA
"2890","1532_2",NA,NA,NA
"2891","1533_2",NA,NA,NA
"2892","1534_2",NA,NA,NA
"2893","1536_2",16,32,"0"
"2894","1537_2",NA,NA,NA
"2895","1540_2",NA,NA,NA
"2896","1543_2",6,32,"0"
"2897","1544_2",NA,NA,NA
"2898","1547_2",NA,NA,NA
"2899","1548_2",NA,NA,NA
"2900","1549_2",NA,NA,NA
"2901","1550_2",NA,NA,NA
"2902","1551_2",NA,NA,NA
"2903","1553_2",NA,NA,NA
"2904","1556_2",8,24,"0"
"2905","1557_2",NA,NA,NA
"2906","1558_2",NA,NA,NA
"2907","1559_2",NA,NA,NA
"2908","1560_2",0,26,"0"
"2909","1561_2",NA,NA,NA
"2910","1563_2",NA,NA,NA
"2911","1564_2",NA,NA,NA
"2912","1565_2",NA,NA,NA
"2913","1567_2",3,24,"0"
"2914","1568_2",1,23,"0"
"2915","1569_2",NA,NA,NA
"2916","1570_2",NA,NA,NA
"2917","1571_2",NA,NA,NA
"2918","1572_2",1,30,"0"
"2919","1575_2",10,39,"0"
"2920","1576_2",NA,NA,NA
"2921","1578_2",NA,NA,NA
"2922","1579_2",1,33,"0"
"2923","1580_2",NA,NA,NA
"2924","1584_2",NA,NA,NA
"2925","1585_2",NA,NA,NA
"2926","1586_2",NA,NA,NA
"2927","1587_2",NA,NA,NA
"2928","1588_2",NA,NA,NA
"2929","1589_2",NA,NA,NA
"2930","1590_2",NA,NA,NA
"2931","1591_2",NA,NA,NA
"2932","1592_2",NA,NA,NA
"2933","1593_2",NA,NA,NA
"2934","1595_2",NA,NA,NA
"2935","1597_2",NA,NA,NA
"2936","1599_2",NA,NA,NA
"2937","1600_2",2,26,"0"
"2938","1602_2",NA,NA,NA
"2939","1603_2",NA,NA,NA
"2940","1606_2",NA,NA,NA
"2941","1607_2",NA,NA,NA
"2942","1608_2",NA,NA,NA
"2943","1609_2",NA,NA,NA
"2944","1610_2",NA,NA,NA
"2945","1611_2",NA,NA,NA
"2946","1612_2",NA,NA,NA
"2947","1615_2",NA,NA,NA
"2948","1618_2",NA,NA,NA
"2949","1619_2",NA,NA,NA
"2950","1620_2",NA,NA,NA
"2951","1621_2",NA,NA,NA
"2952","1623_2",NA,NA,NA
"2953","1624_2",1,27,"0"
"2954","1627_2",NA,NA,NA
"2955","1631_2",NA,NA,NA
"2956","1632_2",NA,NA,NA
"2957","1633_2",NA,NA,NA
"2958","1634_2",NA,NA,NA
"2959","1635_2",NA,NA,NA
"2960","1636_2",NA,NA,NA
"2961","1637_2",NA,NA,NA
"2962","1638_2",NA,NA,NA
"2963","1639_2",NA,NA,NA
"2964","1641_2",NA,NA,NA
"2965","1645_2",NA,NA,NA
"2966","1647_2",NA,NA,NA
"2967","1649_2",NA,NA,NA
"2968","1651_2",NA,NA,NA
"2969","1652_2",NA,NA,NA
"2970","1653_2",NA,NA,NA
"2971","1654_2",NA,NA,NA
"2972","1655_2",NA,NA,NA
"2973","1659_2",NA,NA,NA
"2974","1660_2",1,26,"0"
"2975","1662_2",NA,NA,NA
"2976","1663_2",NA,NA,NA
"2977","1664_2",NA,NA,NA
"2978","1665_2",NA,NA,NA
"2979","1666_2",NA,NA,NA
"2980","1667_2",2,32,"0"
"2981","1668_2",NA,NA,NA
"2982","1669_2",NA,NA,NA
"2983","1670_2",NA,NA,NA
"2984","1671_2",NA,NA,NA
"2985","1672_2",NA,NA,NA
"2986","1673_2",NA,NA,NA
"2987","1674_2",NA,NA,NA
"2988","1675_2",NA,NA,NA
"2989","1677_2",NA,NA,NA
"2990","1679_2",NA,NA,NA
"2991","1680_2",NA,NA,NA
"2992","1681_2",NA,NA,NA
"2993","1682_2",NA,NA,NA
"2994","1683_2",NA,NA,NA
"2995","1684_2",NA,NA,NA
"2996","1686_2",NA,NA,NA
"2997","1687_2",NA,NA,NA
"2998","1690_2",NA,NA,NA
"2999","1691_2",NA,NA,NA
"3000","1692_2",NA,NA,NA
"3001","1694_2",NA,NA,NA
"3002","1696_2",NA,NA,NA
"3003","1697_2",NA,NA,NA
"3004","1698_2",5,22,"1"
"3005","1699_2",NA,NA,NA
"3006","1700_2",NA,NA,NA
"3007","1701_2",2,24,"0"
"3008","1702_2",NA,NA,NA
"3009","1703_2",NA,NA,NA
"3010","1704_2",NA,NA,NA
"3011","1705_2",NA,NA,NA
"3012","1706_2",2,28,"0"
"3013","1707_2",NA,NA,NA
"3014","1708_2",NA,NA,NA
"3015","1709_2",NA,NA,NA
"3016","1711_2",NA,NA,NA
"3017","1713_2",NA,NA,NA
"3018","1714_2",NA,NA,NA
"3019","1715_2",NA,NA,NA
"3020","1716_2",4,25,"0"
"3021","1717_2",NA,NA,NA
"3022","1719_2",20,40,"0"
"3023","1721_2",NA,NA,NA
"3024","1722_2",NA,NA,NA
"3025","1724_2",NA,NA,NA
"3026","1725_2",NA,NA,NA
"3027","1726_2",NA,NA,NA
"3028","1728_2",NA,NA,NA
"3029","1729_2",3,24,"0"
"3030","1730_2",NA,NA,NA
"3031","1731_2",NA,NA,NA
"3032","1733_2",NA,NA,NA
"3033","1736_2",NA,NA,NA
"3034","1737_2",NA,NA,NA
"3035","1738_2",NA,NA,NA
"3036","1739_2",NA,NA,NA
"3037","1740_2",NA,NA,NA
"3038","1741_2",NA,NA,NA
"3039","1743_2",NA,NA,NA
"3040","1744_2",NA,NA,NA
"3041","1745_2",NA,NA,NA
"3042","1746_2",NA,NA,NA
"3043","1747_2",NA,NA,NA
"3044","1748_2",NA,NA,NA
"3045","1749_2",NA,NA,NA
"3046","1750_2",NA,NA,NA
"3047","1751_2",4,28,"0"
"3048","1752_2",NA,NA,NA
"3049","1753_2",NA,NA,NA
"3050","1754_2",NA,NA,NA
"3051","1755_2",NA,NA,NA
"3052","1756_2",NA,NA,NA
"3053","1758_2",NA,NA,NA
"3054","1761_2",NA,NA,NA
"3055","1763_2",NA,NA,NA
"3056","1764_2",NA,NA,NA
"3057","1765_2",2,19,"1"
"3058","1766_2",NA,NA,NA
"3059","1768_2",NA,NA,NA
"3060","1769_2",NA,NA,NA
"3061","1771_2",NA,NA,NA
"3062","1772_2",6,19,"1"
"3063","1773_2",NA,NA,NA
"3064","1774_2",NA,NA,NA
"3065","1776_2",NA,NA,NA
"3066","1777_2",NA,NA,NA
"3067","1778_2",NA,NA,NA
"3068","1779_2",NA,NA,NA
"3069","1780_2",NA,NA,NA
"3070","1782_2",NA,NA,NA
"3071","1783_2",NA,NA,NA
"3072","1785_2",NA,NA,NA
"3073","1786_2",NA,NA,NA
"3074","1787_2",NA,NA,NA
"3075","1788_2",NA,NA,NA
"3076","1789_2",NA,NA,NA
"3077","1791_2",NA,NA,NA
"3078","1792_2",NA,NA,NA
"3079","1795_2",NA,NA,NA
"3080","1796_2",NA,NA,NA
"3081","1797_2",NA,NA,NA
"3082","1798_2",NA,NA,NA
"3083","1799_2",NA,NA,NA
"3084","1801_2",NA,NA,NA
"3085","1802_2",NA,NA,NA
"3086","1803_2",NA,NA,NA
"3087","1804_2",NA,NA,NA
"3088","1805_2",NA,NA,NA
"3089","1806_2",NA,NA,NA
"3090","1807_2",NA,NA,NA
"3091","1808_2",NA,NA,NA
"3092","1809_2",1,24,"0"
"3093","1810_2",NA,NA,NA
"3094","1811_2",NA,NA,NA
"3095","1812_2",NA,NA,NA
"3096","1814_2",NA,NA,NA
"3097","1815_2",NA,NA,NA
"3098","1816_2",NA,NA,NA
"3099","1817_2",2,30,"0"
"3100","1818_2",NA,NA,NA
"3101","1819_2",NA,NA,NA
"3102","1820_2",NA,NA,NA
"3103","1821_2",NA,NA,NA
"3104","1822_2",NA,NA,NA
"3105","1823_2",NA,NA,NA
"3106","1825_2",NA,NA,NA
"3107","1826_2",NA,NA,NA
"3108","1827_2",NA,NA,NA
"3109","1828_2",NA,NA,NA
"3110","1829_2",NA,NA,NA
"3111","1830_2",NA,NA,NA
"3112","1831_2",NA,NA,NA
"3113","1832_2",16,32,"0"
"3114","1833_2",2,21,"1"
"3115","1834_2",NA,NA,NA
"3116","1835_2",NA,NA,NA
"3117","1836_2",0,24,"0"
"3118","1837_2",NA,NA,NA
"3119","1838_2",NA,NA,NA
"3120","1839_2",NA,NA,NA
"3121","1840_2",2,19,"1"
"3122","1841_2",NA,NA,NA
"3123","1842_2",NA,NA,NA
"3124","1843_2",NA,NA,NA
"3125","1845_2",NA,NA,NA
"3126","1846_2",NA,NA,NA
"3127","1847_2",NA,NA,NA
"3128","1848_2",NA,NA,NA
"3129","1849_2",NA,NA,NA
"3130","1850_2",NA,NA,NA
"3131","1851_2",NA,NA,NA
"3132","1852_2",NA,NA,NA
"3133","1854_2",2,31,"0"
"3134","1855_2",NA,NA,NA
"3135","1856_2",2,21,"1"
"3136","1858_2",NA,NA,NA
"3137","1859_2",NA,NA,NA
"3138","1864_2",NA,NA,NA
"3139","1865_2",NA,NA,NA
"3140","1866_2",NA,NA,NA
"3141","1867_2",NA,NA,NA
"3142","1869_2",NA,NA,NA
"3143","1870_2",NA,NA,NA
"3144","1871_2",NA,NA,NA
"3145","1874_2",NA,NA,NA
"3146","1875_2",NA,NA,NA
"3147","1876_2",NA,NA,NA
"3148","1878_2",NA,NA,NA
"3149","1879_2",NA,NA,NA
"3150","1880_2",NA,NA,NA
"3151","1882_2",NA,NA,NA
"3152","1883_2",NA,NA,NA
"3153","1884_2",NA,NA,NA
"3154","1885_2",NA,NA,NA
"3155","1886_2",NA,NA,NA
"3156","1887_2",NA,NA,NA
"3157","1888_2",NA,NA,NA
"3158","1889_2",NA,NA,NA
"3159","1890_2",5,33,"0"
"3160","1891_2",NA,NA,NA
"3161","1893_2",NA,NA,NA
"3162","1894_2",NA,NA,NA
"3163","1895_2",NA,NA,NA
"3164","1896_2",NA,NA,NA
"3165","1897_2",NA,NA,NA
"3166","1898_2",NA,NA,NA
"3167","1899_2",NA,NA,NA
"3168","1900_2",NA,NA,NA
"3169","1901_2",NA,NA,NA
"3170","1902_2",NA,NA,NA
"3171","1903_2",NA,NA,NA
"3172","1904_2",NA,NA,NA
"3173","1905_2",NA,NA,NA
"3174","1906_2",NA,NA,NA
"3175","1907_2",NA,NA,NA
"3176","1908_2",3,28,"0"
"3177","1909_2",NA,NA,NA
"3178","1910_2",NA,NA,NA
"3179","1911_2",NA,NA,NA
"3180","1912_2",NA,NA,NA
"3181","1914_2",NA,NA,NA
"3182","1915_2",NA,NA,NA
"3183","1918_2",NA,NA,NA
"3184","1919_2",NA,NA,NA
"3185","1920_2",2,20,"1"
"3186","1921_2",NA,NA,NA
"3187","1923_2",NA,NA,NA
"3188","1924_2",NA,NA,NA
"3189","1925_2",NA,NA,NA
"3190","1926_2",NA,NA,NA
"3191","1927_2",NA,NA,NA
"3192","1930_2",1,35,"0"
"3193","1932_2",NA,NA,NA
"3194","1933_2",NA,NA,NA
"3195","1934_2",NA,NA,NA
"3196","1935_2",NA,NA,NA
"3197","1936_2",NA,NA,NA
"3198","1938_2",NA,NA,NA
"3199","1939_2",NA,NA,NA
"3200","1941_2",NA,NA,NA
"3201","1942_2",NA,NA,NA
"3202","1943_2",NA,NA,NA
"3203","1944_2",NA,NA,NA
"3204","1946_2",NA,NA,NA
"3205","1948_2",NA,NA,NA
"3206","1949_2",NA,NA,NA
"3207","1950_2",NA,NA,NA
"3208","1952_2",NA,NA,NA
"3209","1955_2",1,35,"0"
"3210","1956_2",2,22,"1"
"3211","1958_2",NA,NA,NA
"3212","1959_2",NA,NA,NA
"3213","1960_2",NA,NA,NA
"3214","1961_2",NA,NA,NA
"3215","1962_2",NA,NA,NA
"3216","1963_2",NA,NA,NA
"3217","1964_2",NA,NA,NA
"3218","1965_2",NA,NA,NA
"3219","1966_2",NA,NA,NA
"3220","1967_2",NA,NA,NA
"3221","1968_2",NA,NA,NA
"3222","1969_2",NA,NA,NA
"3223","1970_2",NA,NA,NA
"3224","1971_2",NA,NA,NA
"3225","1973_2",NA,NA,NA
"3226","1974_2",NA,NA,NA
"3227","1975_2",NA,NA,NA
"3228","1976_2",NA,NA,NA
"3229","1977_2",NA,NA,NA
"3230","1978_2",NA,NA,NA
"3231","1979_2",NA,NA,NA
"3232","1980_2",NA,NA,NA
"3233","1981_2",NA,NA,NA
"3234","1982_2",NA,NA,NA
"3235","1983_2",NA,NA,NA
"3236","1985_2",NA,NA,NA
"3237","1986_2",NA,NA,NA
"3238","1987_2",NA,NA,NA
"3239","1988_2",NA,NA,NA
"3240","1990_2",NA,NA,NA
"3241","1992_2",NA,NA,NA
"3242","1993_2",NA,NA,NA
"3243","1994_2",3,18,"1"
"3244","1995_2",NA,NA,NA
"3245","1997_2",NA,NA,NA
"3246","2001_2",NA,NA,NA
"3247","2003_2",NA,NA,NA
"3248","2004_2",NA,NA,NA
"3249","2008_2",10,31,"0"
"3250","2009_2",NA,NA,NA
"3251","2010_2",NA,NA,NA
"3252","2011_2",NA,NA,NA
"3253","2012_2",1,24,"0"
"3254","2014_2",NA,NA,NA
"3255","2016_2",NA,NA,NA
"3256","2017_2",NA,NA,NA
"3257","2019_2",NA,NA,NA
"3258","2020_2",NA,NA,NA
"3259","2022_2",10,29,"0"
"3260","2023_2",NA,NA,NA
"3261","2024_2",NA,NA,NA
"3262","2026_2",NA,NA,NA
"3263","2027_2",NA,NA,NA
"3264","2028_2",6,30,"0"
"3265","2029_2",NA,NA,NA
"3266","2031_2",12,28,"0"
"3267","2033_2",NA,NA,NA
"3268","2034_2",NA,NA,NA
"3269","2037_2",NA,NA,NA
"3270","2038_2",NA,NA,NA
"3271","2039_2",NA,NA,NA
"3272","2040_2",NA,NA,NA
"3273","2045_2",NA,NA,NA
"3274","2046_2",NA,NA,NA
"3275","2047_2",NA,NA,NA
"3276","2048_2",NA,NA,NA
"3277","2049_2",NA,NA,NA
"3278","2050_2",NA,NA,NA
"3279","2051_2",NA,NA,NA
"3280","2052_2",NA,NA,NA
"3281","2053_2",5,30,"0"
"3282","2054_2",NA,NA,NA
"3283","2055_2",NA,NA,NA
"3284","2057_2",NA,NA,NA
"3285","2060_2",NA,NA,NA
"3286","2061_2",NA,NA,NA
"3287","2062_2",NA,NA,NA
"3288","2063_2",NA,NA,NA
"3289","2064_2",NA,NA,NA
"3290","2065_2",NA,NA,NA
"3291","2067_2",NA,NA,NA
"3292","2068_2",NA,NA,NA
"3293","2069_2",NA,NA,NA
"3294","2070_2",NA,NA,NA
"3295","2071_2",NA,NA,NA
"3296","2076_2",NA,NA,NA
"3297","2077_2",NA,NA,NA
"3298","2078_2",NA,NA,NA
"3299","2080_2",NA,NA,NA
"3300","2082_2",NA,NA,NA
"3301","2083_2",NA,NA,NA
"3302","2085_2",NA,NA,NA
"3303","2086_2",NA,NA,NA
"3304","2087_2",NA,NA,NA
"3305","2088_2",NA,NA,NA
"3306","2090_2",NA,NA,NA
"3307","2092_2",NA,NA,NA
"3308","2093_2",3,23,"0"
"3309","2096_2",NA,NA,NA
"3310","2097_2",0.25,23,"0"
"3311","2098_2",NA,NA,NA
"3312","2099_2",1,37,"0"
"3313","2101_2",2,20,"1"
"3314","2102_2",NA,NA,NA
"3315","2104_2",NA,NA,NA
"3316","2105_2",NA,NA,NA
"3317","2106_2",NA,NA,NA
"3318","2107_2",NA,NA,NA
"3319","2108_2",NA,NA,NA
"3320","2109_2",NA,NA,NA
"3321","2110_2",NA,NA,NA
"3322","2111_2",NA,NA,NA
"3323","2114_2",NA,NA,NA
"3324","2115_2",NA,NA,NA
"3325","2116_2",2,28,"0"
"3326","2117_2",NA,NA,NA
"3327","2118_2",NA,NA,NA
"3328","2119_2",NA,NA,NA
"3329","2120_2",NA,NA,NA
"3330","2121_2",NA,NA,NA
"3331","2123_2",NA,NA,NA
"3332","2124_2",7,28,"0"
"3333","2125_2",NA,NA,NA
"3334","2126_2",NA,NA,NA
"3335","2127_2",NA,NA,NA
"3336","2128_2",NA,NA,NA
"3337","2130_2",NA,NA,NA
"3338","2131_2",NA,NA,NA
"3339","2132_2",NA,NA,NA
"3340","2133_2",NA,NA,NA
"3341","2134_2",NA,NA,NA
"3342","2135_2",NA,NA,NA
"3343","2137_2",NA,NA,NA
"3344","2138_2",NA,NA,NA
"3345","2139_2",2,42,"0"
"3346","2140_2",NA,NA,NA
"3347","2141_2",NA,NA,NA
"3348","2142_2",NA,NA,NA
"3349","2143_2",NA,NA,NA
"3350","2144_2",NA,NA,NA
"3351","2145_2",NA,NA,NA
"3352","2146_2",NA,NA,NA
"3353","2147_2",NA,NA,NA
"3354","2148_2",1,30,"0"
"3355","2150_2",NA,NA,NA
"3356","2151_2",NA,NA,NA
"3357","2152_2",6,28,"0"
"3358","2153_2",NA,NA,NA
"3359","2154_2",NA,NA,NA
"3360","2155_2",NA,NA,NA
"3361","2156_2",NA,NA,NA
"3362","2158_2",NA,NA,NA
"3363","2159_2",NA,NA,NA
"3364","2160_2",NA,NA,NA
"3365","2161_2",NA,NA,NA
"3366","2162_2",NA,NA,NA
"3367","2163_2",NA,NA,NA
"3368","2164_2",NA,NA,NA
"3369","2165_2",NA,NA,NA
"3370","2167_2",NA,NA,NA
"3371","2168_2",NA,NA,NA
"3372","2169_2",1,19,"1"
"3373","2170_2",NA,NA,NA
"3374","2172_2",5,22,"1"
"3375","2173_2",NA,NA,NA
"3376","2174_2",0.5,19,"1"
"3377","2175_2",NA,NA,NA
"3378","2176_2",NA,NA,NA
"3379","2177_2",NA,NA,NA
"3380","2178_2",3,30,"0"
"3381","2179_2",NA,NA,NA
"3382","2180_2",NA,NA,NA
"3383","2181_2",NA,NA,NA
"3384","2183_2",20,41,"0"
"3385","2184_2",NA,NA,NA
"3386","2185_2",13,34,"0"
"3387","2186_2",NA,NA,NA
"3388","2187_2",NA,NA,NA
"3389","2188_2",NA,NA,NA
"3390","2190_2",NA,NA,NA
"3391","2191_2",1,24,"0"
"3392","2196_2",NA,NA,NA
"3393","2197_2",NA,NA,NA
"3394","2198_2",NA,NA,NA
"3395","2199_2",10,36,"0"
"3396","2200_2",2,19,"1"
"3397","2201_2",NA,NA,NA
"3398","2203_2",2,24,"0"
"3399","2204_2",NA,NA,NA
"3400","2205_2",10,38,"0"
"3401","2206_2",NA,NA,NA
"3402","2208_2",1,19,"1"
"3403","2209_2",3,24,"0"
"3404","2211_2",NA,NA,NA
"3405","2212_2",10,52,"0"
"3406","2213_2",NA,NA,NA
"3407","2214_2",NA,NA,NA
"3408","2215_2",NA,NA,NA
"3409","2217_2",NA,NA,NA
"3410","2218_2",NA,NA,NA
"3411","2219_2",NA,NA,NA
"3412","2220_2",NA,NA,NA
"3413","2221_2",NA,NA,NA
"3414","2222_2",NA,NA,NA
"3415","2223_2",NA,NA,NA
"3416","2224_2",NA,NA,NA
"3417","2225_2",NA,NA,NA
"3418","2226_2",2,25,"0"
"3419","2227_2",NA,NA,NA
"3420","2229_2",NA,NA,NA
"3421","2230_2",NA,NA,NA
"3422","2231_2",5,25,"0"
"3423","2234_2",NA,NA,NA
"3424","2235_2",NA,NA,NA
"3425","2236_2",NA,NA,NA
"3426","2237_2",NA,NA,NA
"3427","2238_2",NA,NA,NA
"3428","2239_2",NA,NA,NA
"3429","2240_2",NA,NA,NA
"3430","2242_2",NA,NA,NA
"3431","2243_2",1,31,"0"
"3432","2244_2",NA,NA,NA
"3433","2245_2",NA,NA,NA
"3434","2246_2",NA,NA,NA
"3435","2247_2",NA,NA,NA
"3436","2248_2",NA,NA,NA
"3437","2249_2",NA,NA,NA
"3438","2250_2",NA,NA,NA
"3439","2251_2",NA,NA,NA
"3440","2252_2",NA,NA,NA
"3441","2253_2",NA,NA,NA
"3442","2254_2",NA,NA,NA
"3443","2255_2",NA,NA,NA
"3444","2256_2",NA,NA,NA
"3445","2257_2",NA,NA,NA
"3446","2258_2",NA,NA,NA
"3447","2259_2",NA,NA,NA
"3448","2261_2",NA,NA,NA
"3449","2263_2",NA,NA,NA
"3450","2264_2",NA,NA,NA
"3451","2265_2",NA,NA,NA
"3452","2266_2",NA,NA,NA
"3453","2267_2",NA,NA,NA
"3454","2268_2",NA,NA,NA
"3455","2270_2",NA,NA,NA
"3456","2272_2",NA,NA,NA
"3457","2273_2",NA,NA,NA
"3458","2274_2",2,30,"0"
"3459","2275_2",NA,NA,NA
"3460","2276_2",NA,NA,NA
"3461","2279_2",NA,NA,NA
"3462","2280_2",NA,NA,NA
"3463","2281_2",NA,NA,NA
"3464","2282_2",NA,NA,NA
"3465","2283_2",NA,NA,NA
"3466","2284_2",NA,NA,NA
"3467","2285_2",4,19,"1"
"3468","2286_2",NA,NA,NA
"3469","2288_2",NA,NA,NA
"3470","2289_2",NA,NA,NA
"3471","2290_2",NA,NA,NA
"3472","2291_2",NA,NA,NA
"3473","2292_2",1,28,"0"
"3474","2293_2",NA,NA,NA
"3475","2294_2",NA,NA,NA
"3476","2295_2",NA,NA,NA
"3477","2296_2",NA,NA,NA
"3478","2297_2",NA,NA,NA
"3479","2298_2",NA,NA,NA
"3480","2299_2",NA,NA,NA
"3481","2300_2",NA,NA,NA
"3482","2302_2",NA,NA,NA
"3483","2303_2",NA,NA,NA
"3484","2304_2",NA,NA,NA
"3485","2305_2",NA,NA,NA
"3486","2306_2",NA,NA,NA
"3487","2307_2",NA,NA,NA
"3488","2308_2",NA,NA,NA
"3489","2309_2",NA,NA,NA
"3490","2310_2",NA,NA,NA
"3491","2311_2",NA,NA,NA
"3492","2312_2",NA,NA,NA
"3493","2313_2",NA,NA,NA
"3494","2315_2",NA,NA,NA
"3495","2316_2",NA,NA,NA
"3496","2317_2",NA,NA,NA
"3497","2320_2",NA,NA,NA
"3498","2321_2",NA,NA,NA
"3499","2322_2",NA,NA,NA
"3500","2323_2",NA,NA,NA
"3501","2324_2",NA,NA,NA
"3502","2325_2",NA,NA,NA
"3503","2326_2",NA,NA,NA
"3504","2327_2",NA,NA,NA
"3505","2328_2",NA,NA,NA
"3506","2329_2",NA,NA,NA
"3507","2331_2",NA,NA,NA
"3508","2332_2",NA,NA,NA
"3509","2333_2",2,35,"0"
"3510","2335_2",NA,NA,NA
"3511","2337_2",NA,NA,NA
"3512","2339_2",NA,NA,NA
"3513","2340_2",NA,NA,NA
"3514","2341_2",NA,NA,NA
"3515","2342_2",NA,NA,NA
"3516","2343_2",NA,NA,NA
"3517","2344_2",NA,NA,NA
"3518","2345_2",NA,NA,NA
"3519","2347_2",NA,NA,NA
"3520","2348_2",NA,NA,NA
"3521","2350_2",NA,NA,NA
"3522","2351_2",NA,NA,NA
"3523","2353_2",NA,NA,NA
"3524","2354_2",NA,NA,NA
"3525","2355_2",NA,NA,NA
"3526","2356_2",NA,NA,NA
"3527","2357_2",NA,NA,NA
"3528","2359_2",NA,NA,NA
"3529","2361_2",NA,NA,NA
"3530","2362_2",NA,NA,NA
"3531","2363_2",NA,NA,NA
"3532","2365_2",NA,NA,NA
"3533","2366_2",NA,NA,NA
"3534","2367_2",NA,NA,NA
"3535","2368_2",NA,NA,NA
"3536","2370_2",NA,NA,NA
"3537","2371_2",NA,NA,NA
"3538","2372_2",NA,NA,NA
"3539","2373_2",NA,NA,NA
"3540","2374_2",NA,NA,NA
"3541","2376_2",NA,NA,NA
"3542","2377_2",NA,NA,NA
"3543","2378_2",NA,NA,NA
"3544","2380_2",NA,NA,NA
"3545","2381_2",NA,NA,NA
"3546","2382_2",1,33,"0"
"3547","2383_2",NA,NA,NA
"3548","2384_2",NA,NA,NA
"3549","2385_2",NA,NA,NA
"3550","2386_2",NA,NA,NA
"3551","2388_2",NA,NA,NA
"3552","2390_2",NA,NA,NA
"3553","2391_2",NA,NA,NA
"3554","2393_2",NA,NA,NA
"3555","2394_2",NA,NA,NA
"3556","2395_2",NA,NA,NA
"3557","2396_2",1,28,"0"
"3558","2397_2",NA,NA,NA
"3559","2398_2",NA,NA,NA
"3560","2399_2",2,32,"0"
"3561","2400_2",NA,NA,NA
"3562","2401_2",6,26,"0"
"3563","2402_2",NA,NA,NA
"3564","2403_2",NA,NA,NA
"3565","2405_2",NA,NA,NA
"3566","2406_2",NA,NA,NA
"3567","2407_2",NA,NA,NA
"3568","2409_2",NA,NA,NA
"3569","2410_2",NA,NA,NA
"3570","2411_2",NA,NA,NA
"3571","2412_2",NA,NA,NA
"3572","2413_2",NA,NA,NA
"3573","2414_2",NA,NA,NA
"3574","2415_2",NA,NA,NA
"3575","2416_2",NA,NA,NA
"3576","2419_2",NA,NA,NA
"3577","2420_2",NA,NA,NA
"3578","2421_2",NA,NA,NA
"3579","2422_2",NA,NA,NA
"3580","2423_2",NA,NA,NA
"3581","2424_2",NA,NA,NA
"3582","2425_2",NA,NA,NA
"3583","2426_2",NA,NA,NA
"3584","2427_2",NA,NA,NA
"3585","2428_2",NA,NA,NA
"3586","2429_2",NA,NA,NA
"3587","2430_2",NA,NA,NA
"3588","2431_2",NA,NA,NA
"3589","2432_2",NA,NA,NA
"3590","2433_2",NA,NA,NA
"3591","2434_2",NA,NA,NA
"3592","2437_2",NA,NA,NA
"3593","2438_2",NA,NA,NA
"3594","2441_2",NA,NA,NA
"3595","2442_2",NA,NA,NA
"3596","2445_2",NA,NA,NA
"3597","2446_2",NA,NA,NA
"3598","2448_2",NA,NA,NA
"3599","2449_2",NA,NA,NA
"3600","2450_2",NA,NA,NA
"3601","2451_2",NA,NA,NA
"3602","2452_2",2,31,"0"
"3603","2453_2",NA,NA,NA
"3604","2454_2",NA,NA,NA
"3605","2456_2",2,29,"0"
"3606","2458_2",NA,NA,NA
"3607","2459_2",0.2,24,"0"
"3608","2460_2",3,27,"0"
"3609","2461_2",NA,NA,NA
"3610","2463_2",NA,NA,NA
"3611","2464_2",NA,NA,NA
"3612","2466_2",NA,NA,NA
"3613","2467_2",NA,NA,NA
"3614","2468_2",NA,NA,NA
"3615","2469_2",NA,NA,NA
"3616","2470_2",NA,NA,NA
"3617","2472_2",NA,NA,NA
"3618","2473_2",NA,NA,NA
"3619","2474_2",NA,NA,NA
"3620","2475_2",NA,NA,NA
"3621","2476_2",NA,NA,NA
"3622","2478_2",NA,NA,NA
"3623","2479_2",NA,NA,NA
"3624","2480_2",NA,NA,NA
"3625","2482_2",NA,NA,NA
"3626","2483_2",NA,NA,NA
"3627","2484_2",NA,NA,NA
"3628","2486_2",NA,NA,NA
"3629","2487_2",NA,NA,NA
"3630","2489_2",NA,NA,NA
"3631","2490_2",NA,NA,NA
"3632","2492_2",NA,NA,NA
"3633","2493_2",NA,NA,NA
"3634","2495_2",NA,NA,NA
"3635","2496_2",NA,NA,NA
"3636","2497_2",NA,NA,NA
"3637","2499_2",NA,NA,NA
"3638","2500_2",NA,NA,NA
"3639","2502_2",NA,NA,NA
"3640","2503_2",NA,NA,NA
"3641","2504_2",NA,NA,NA
"3642","2506_2",NA,NA,NA
"3643","2507_2",15,29,"0"
"3644","2508_2",NA,NA,NA
"3645","2509_2",NA,NA,NA
"3646","2510_2",NA,NA,NA
"3647","2511_2",NA,NA,NA
"3648","2512_2",NA,NA,NA
"3649","2513_2",NA,NA,NA
"3650","2514_2",NA,NA,NA
"3651","2515_2",0,26,"0"
"3652","2516_2",NA,NA,NA
"3653","2517_2",NA,NA,NA
"3654","2518_2",NA,NA,NA
"3655","2519_2",NA,NA,NA
"3656","2520_2",NA,NA,NA
"3657","2521_2",NA,NA,NA
"3658","2522_2",1,33,"0"
"3659","2525_2",NA,NA,NA
"3660","2526_2",5,35,"0"
"3661","2527_2",NA,NA,NA
"3662","2528_2",2,24,"0"
"3663","2531_2",NA,NA,NA
"3664","2534_2",NA,NA,NA
"3665","2536_2",0,31,"0"
"3666","2537_2",NA,NA,NA
"3667","2539_2",NA,NA,NA
"3668","2540_2",NA,NA,NA
"3669","2541_2",NA,NA,NA
"3670","2542_2",NA,NA,NA
"3671","2544_2",NA,NA,NA
"3672","2545_2",NA,NA,NA
"3673","2546_2",12,37,"0"
"3674","2547_2",NA,NA,NA
"3675","2548_2",NA,NA,NA
"3676","2549_2",NA,NA,NA
"3677","2550_2",NA,NA,NA
"3678","2551_2",NA,NA,NA
"3679","2552_2",7,30,"0"
"3680","2553_2",NA,NA,NA
"3681","2557_2",NA,NA,NA
"3682","2558_2",NA,NA,NA
"3683","2559_2",2,38,"0"
"3684","2560_2",NA,NA,NA
"3685","2561_2",NA,NA,NA
"3686","2562_2",NA,NA,NA
"3687","2563_2",NA,NA,NA
"3688","2564_2",NA,NA,NA
"3689","2565_2",NA,NA,NA
"3690","2566_2",NA,NA,NA
"3691","2568_2",4,21,"1"
"3692","2569_2",NA,NA,NA
"3693","2570_2",NA,NA,NA
"3694","2571_2",1,24,"0"
"3695","2572_2",1,23,"0"
"3696","2576_2",NA,NA,NA
